City_ID,City,Country,Date,Lat,Lng,Max Temp,Humidity,Cloudiness,Wind Speed
0,Dikson,RU,2022-03-13 16:39:19,73.5069,80.5464,-6.14,97,100,16.46
1,Sandy Bay,AU,2022-03-13 16:39:19,-42.913,147.3532,62.49,85,100,9.22
2,Busselton,AU,2022-03-13 16:39:20,-33.65,115.3333,66.18,86,19,6.64
3,Puerto Carreno,CO,2022-03-13 16:39:20,6.189,-67.4859,87.78,58,40,11.5
4,Bredasdorp,ZA,2022-03-13 16:39:21,-34.5322,20.0403,63.72,63,100,10.36
5,Bambous Virieux,MU,2022-03-13 16:39:21,-20.3428,57.7575,77.25,94,40,5.75
6,Arraial Do Cabo,BR,2022-03-13 16:39:22,-22.9661,-42.0278,89.56,62,0,18.41
7,Narsaq,GL,2022-03-13 16:39:22,60.9167,-46.05,12.42,70,100,7.83
8,Amapa,BR,2022-03-13 16:39:22,1.0,-52.0,81.82,82,72,3.4
9,Patos De Minas,BR,2022-03-13 16:37:24,-18.5789,-46.5181,78.42,66,99,5.12
10,East London,ZA,2022-03-13 16:39:23,-33.0153,27.9116,68.94,94,40,3.44
11,Husavik,IS,2022-03-13 16:39:23,66.0449,-17.3389,32.09,77,46,9.51
12,Clyde River,CA,2022-03-13 16:39:24,70.4692,-68.5914,-21.77,76,100,4.61
13,Cape Town,ZA,2022-03-13 16:36:32,-33.9258,18.4232,65.1,62,40,13.8
14,Punta Arenas,CL,2022-03-13 16:39:24,-53.15,-70.9167,50.11,50,40,40.29
15,Cockburn Town,TC,2022-03-13 16:39:25,21.4612,-71.1419,84.16,70,40,11.5
16,Hermanus,ZA,2022-03-13 16:39:25,-34.4187,19.2345,61.81,69,100,15.35
17,Vardo,NO,2022-03-13 16:39:25,70.3705,31.1107,35.58,87,75,10.36
18,Kavaratti,IN,2022-03-13 16:39:26,10.5669,72.642,83.61,72,10,10.25
19,Sao Filipe,CV,2022-03-13 16:39:26,14.8961,-24.4956,74.73,62,0,13.89
20,Itarema,BR,2022-03-13 16:39:26,-2.9248,-39.9167,83.5,68,100,7.31
21,Zhezkazgan,KZ,2022-03-13 16:39:27,47.8043,67.7144,24.22,93,100,8.14
22,Ropczyce,PL,2022-03-13 16:39:27,50.0523,21.6089,39.11,77,6,6.8
23,Ushuaia,AR,2022-03-13 16:39:27,-54.8,-68.3,44.26,76,75,25.32
24,Mahebourg,MU,2022-03-13 16:39:28,-20.4081,57.7,77.29,94,40,5.75
25,Tsabong,BW,2022-03-13 16:39:28,-26.0217,22.401,86.09,31,92,9.64
26,Gulariya,NP,2022-03-13 16:39:28,28.2333,81.3333,70.43,37,0,3.58
27,Radcliff,US,2022-03-13 16:39:29,37.8404,-85.9491,42.06,47,100,20.71
28,Meridian,US,2022-03-13 16:38:00,43.6121,-116.3915,47.53,47,40,14.97
29,Mar Del Plata,AR,2022-03-13 16:39:29,-38.0023,-57.5575,75.22,81,20,14.0
30,Paamiut,GL,2022-03-13 16:39:30,61.994,-49.6678,9.88,69,100,11.9
31,Luau,AO,2022-03-13 16:39:30,-10.7073,22.2247,65.35,91,88,3.96
32,Saint George,US,2022-03-13 16:39:30,37.1041,-113.5841,43.39,42,0,4.61
33,Taltal,CL,2022-03-13 16:39:31,-25.4,-70.4833,70.66,69,9,6.85
34,Ponta Do Sol,PT,2022-03-13 16:39:31,32.6667,-17.1,66.7,89,98,7.56
35,San Rafael,AR,2022-03-13 16:39:31,-34.6177,-68.3301,77.99,32,1,5.44
36,Sinnamary,GF,2022-03-13 16:39:32,5.3833,-52.95,79.25,87,98,10.33
37,Victoria,HK,2022-03-13 16:36:40,22.2855,114.1577,75.18,88,2,8.01
38,Gabu,GW,2022-03-13 16:39:32,12.2833,-14.2167,104.23,13,37,4.85
39,Ouango,CF,2022-03-13 16:39:33,4.3133,22.5552,80.19,56,97,2.8
40,Saint-Philippe,RE,2022-03-13 16:39:33,-21.3585,55.7679,78.39,90,86,15.26
41,Ayagoz,KZ,2022-03-13 16:39:34,47.9714,80.4392,33.67,91,79,15.66
42,San Juan,AR,2022-03-13 16:39:34,-31.5375,-68.5364,83.3,27,2,5.28
43,Fort-Shevchenko,KZ,2022-03-13 16:40:34,44.5086,50.263,32.04,68,98,8.21
44,Okahandja,NA,2022-03-13 16:40:35,-21.9833,16.9167,67.01,86,100,3.24
45,Hithadhoo,MV,2022-03-13 16:40:35,-0.6,73.0833,83.82,68,75,7.56
46,Nanortalik,GL,2022-03-13 16:40:35,60.1432,-45.2371,22.82,68,100,15.75
47,Olinda,BR,2022-03-13 16:40:36,-8.0089,-34.8553,85.73,70,40,8.05
48,Codrington,AU,2022-03-13 16:40:36,-38.2667,141.9667,60.42,95,84,6.82
49,Arlit,NE,2022-03-13 16:40:36,18.7369,7.3853,87.55,5,0,5.73
50,Georgetown,MY,2022-03-13 16:40:37,5.4112,100.3354,80.53,93,40,5.01
51,Moissala,TD,2022-03-13 16:40:37,8.3404,17.7663,93.51,16,22,2.89
52,Kudahuvadhoo,MV,2022-03-13 16:40:37,2.6708,72.8944,83.55,70,8,8.99
53,Jamestown,US,2022-03-13 16:38:11,42.097,-79.2353,25.52,41,75,12.66
54,Ribeira Grande,PT,2022-03-13 16:40:38,38.5167,-28.7,59.4,51,20,16.11
55,Thompson,CA,2022-03-13 16:40:38,55.7435,-97.8558,1.56,85,40,2.3
56,Toamasina,MG,2022-03-13 16:40:39,-18.1667,49.3833,80.6,78,40,6.91
57,Vila Do Maio,CV,2022-03-13 16:40:39,15.1333,-23.2167,79.59,75,0,19.17
58,Port Alfred,ZA,2022-03-13 16:40:39,-33.5906,26.891,69.51,92,99,7.47
59,Toumodi,CI,2022-03-13 16:40:40,6.5613,-5.0158,89.98,48,93,5.01
60,Lebu,CL,2022-03-13 16:40:40,-37.6167,-73.65,65.32,61,3,19.93
61,Talnakh,RU,2022-03-13 16:40:41,69.4865,88.3972,-15.07,92,99,6.82
62,Tazovskiy,RU,2022-03-13 16:40:41,67.4667,78.7,-13.79,100,45,7.34
63,Chuy,UY,2022-03-13 16:40:41,-33.6971,-53.4616,72.54,49,78,8.84
64,Upernavik,GL,2022-03-13 16:40:42,72.7868,-56.1549,-6.86,91,99,1.52
65,Bathsheba,BB,2022-03-13 16:40:42,13.2167,-59.5167,83.01,65,40,23.02
66,Namibe,AO,2022-03-13 16:40:43,-15.1961,12.1522,75.83,73,100,20.71
67,Vila Franca Do Campo,PT,2022-03-13 16:40:43,37.7167,-25.4333,59.41,57,71,18.48
68,Aswan,EG,2022-03-13 16:40:43,24.0934,32.907,72.7,12,0,9.22
69,Dakar,SN,2022-03-13 16:35:59,14.6937,-17.4441,92.28,53,5,11.5
70,Tarsus,TR,2022-03-13 16:40:44,36.9188,34.8784,42.67,66,96,4.16
71,Longyearbyen,SJ,2022-03-13 16:40:44,78.2186,15.6401,21.04,93,0,6.91
72,Ostrovnoy,RU,2022-03-13 16:40:44,68.0531,39.5131,26.94,88,100,6.87
73,Pedernales,DO,2022-03-13 16:40:45,18.0384,-71.744,83.43,65,100,5.14
74,Saldanha,ZA,2022-03-13 16:40:45,-33.0117,17.9442,66.25,69,99,18.23
75,Mordovo,RU,2022-03-13 16:40:46,52.0834,40.77,6.85,99,88,5.39
76,Krasnokamsk,RU,2022-03-13 16:40:46,58.0802,55.7541,19.15,94,100,6.26
77,Qaanaaq,GL,2022-03-13 16:40:46,77.484,-69.3632,-9.76,88,100,7.56
78,Fecamp,FR,2022-03-13 16:40:47,49.7579,0.3746,51.51,77,100,13.76
79,Paita,PE,2022-03-13 16:40:47,-5.0892,-81.1144,82.74,64,53,10.18
80,Richards Bay,ZA,2022-03-13 16:37:24,-28.783,32.0377,78.4,78,0,14.0
81,Dogondoutchi,NE,2022-03-13 16:40:48,13.6393,4.0287,98.62,10,77,9.53
82,Atar,MR,2022-03-13 16:40:48,20.5169,-13.0499,91.27,5,0,9.57
83,Batatais,BR,2022-03-13 16:40:48,-20.8911,-47.585,80.58,78,91,5.39
84,Ilulissat,GL,2022-03-13 16:40:49,69.2167,-51.1,5.02,61,40,0.0
85,Mont-De-Marsan,FR,2022-03-13 16:40:49,44.0,-0.6667,58.82,41,0,3.44
86,Mayor Pablo Lagerenza,PY,2022-03-13 16:40:49,-19.9309,-60.7718,79.79,44,99,5.97
87,Omboue,GA,2022-03-13 16:41:50,-1.5746,9.2618,81.36,75,97,6.06
88,Opuwo,NA,2022-03-13 16:41:50,-18.0607,13.84,69.66,80,100,14.2
89,Vila Velha,BR,2022-03-13 16:41:51,-20.3297,-40.2925,89.55,70,20,14.97
90,Mizdah,LY,2022-03-13 16:41:51,31.4451,12.9801,64.81,24,17,2.39
91,Krasnoselkup,RU,2022-03-13 16:41:51,65.7,82.4667,-4.41,100,86,8.81
92,Birjand,IR,2022-03-13 16:41:52,32.8663,59.2211,68.47,34,100,6.91
93,Camocim,BR,2022-03-13 16:41:52,-2.9022,-40.8411,82.31,77,83,8.1
94,Eyl,SO,2022-03-13 16:41:52,7.9803,49.8164,77.13,76,38,18.43
95,Yar-Sale,RU,2022-03-13 16:41:53,66.8333,70.8333,0.16,100,98,5.99
96,Caravelas,BR,2022-03-13 16:41:53,-17.7125,-39.2481,85.05,61,84,8.3
97,Kutum,SD,2022-03-13 16:41:53,14.2,24.6667,79.92,12,50,9.04
98,Chuchkovo,RU,2022-03-13 16:41:54,54.2693,41.4465,25.38,96,100,11.23
99,Tasiilaq,GL,2022-03-13 16:41:54,65.6145,-37.6368,32.16,86,83,12.95
100,Santa Fe,AR,2022-03-13 16:41:54,-31.6333,-60.7,79.0,41,29,3.0
101,Tiznit,MA,2022-03-13 16:41:55,29.5833,-9.5,60.35,53,12,10.18
102,Jacqueville,CI,2022-03-13 16:41:55,5.2052,-4.4146,81.61,83,93,13.0
103,Lima,PE,2022-03-13 16:41:55,-12.0432,-77.0282,78.39,78,0,10.36
104,Naranjal,EC,2022-03-13 16:41:56,-2.6667,-79.6167,81.52,76,99,3.11
105,Klaksvik,FO,2022-03-13 16:41:56,62.2266,-6.589,45.52,97,100,23.11
106,Sambava,MG,2022-03-13 16:41:56,-14.2667,50.1667,76.78,83,100,10.94
107,Cocobeach,GA,2022-03-13 16:41:57,1.0002,9.5823,82.49,74,87,6.89
108,Igarka,RU,2022-03-13 16:41:57,67.4667,86.5833,-18.96,97,67,6.71
109,Lucapa,AO,2022-03-13 16:41:58,-8.4192,20.7447,66.65,92,98,1.54
110,Varkkallai,IN,2022-03-13 16:41:58,8.7341,76.7067,83.98,73,21,1.68
111,Grindavik,IS,2022-03-13 16:41:58,63.8424,-22.4338,37.35,87,75,18.41
112,Carballo,ES,2022-03-13 16:41:59,43.213,-8.691,49.87,89,100,7.16
113,Chimbote,PE,2022-03-13 16:41:59,-9.0853,-78.5783,78.01,67,96,7.9
114,Dudinka,RU,2022-03-13 16:42:00,69.4058,86.1778,-19.46,99,89,6.49
115,Leeuwarden,NL,2022-03-13 16:42:00,53.2014,5.8086,59.11,55,100,10.36
116,Shar,KZ,2022-03-13 16:42:00,49.5886,81.0453,36.81,81,100,18.32
117,Markala,ML,2022-03-13 16:42:01,13.7021,-6.0659,99.27,7,45,6.46
118,Carnarvon,AU,2022-03-13 16:42:01,-24.8667,113.6333,75.27,78,0,18.41
119,Nuuk,GL,2022-03-13 16:42:01,64.1835,-51.7216,7.41,85,75,21.85
120,Barcelos,PT,2022-03-13 16:42:02,41.5388,-8.6151,57.85,85,100,10.85
121,Aripuana,BR,2022-03-13 16:42:02,-9.1667,-60.6333,83.37,82,92,1.34
122,Narasannapeta,IN,2022-03-13 16:42:03,18.4167,84.05,76.51,64,100,2.66
123,Luba,GQ,2022-03-13 16:42:03,3.4568,8.5547,85.89,81,95,5.82
124,Hammerfest,NO,2022-03-13 16:42:03,70.6634,23.6821,37.85,75,0,4.61
125,Salinas,US,2022-03-13 16:42:04,36.6777,-121.6555,55.83,85,100,5.75
126,Constitucion,CL,2022-03-13 16:42:04,-35.3333,-72.4167,71.8,53,35,6.64
127,Seydi,TM,2022-03-13 16:42:04,39.4816,62.9137,56.14,33,94,10.8
128,Bandarbeyla,SO,2022-03-13 16:42:05,9.4942,50.8122,78.15,76,66,13.29
129,Mahibadhoo,MV,2022-03-13 16:42:05,3.7833,72.9667,83.89,70,16,10.18
130,Taquaritinga Do Norte,BR,2022-03-13 16:42:05,-7.9031,-36.0442,86.38,38,83,12.95
131,Cervo,ES,2022-03-13 16:42:06,43.6702,-7.4101,48.96,71,98,9.44
132,Maceio,BR,2022-03-13 16:39:38,-9.6658,-35.7353,87.24,58,75,12.66
133,Cidreira,BR,2022-03-13 16:42:06,-30.1811,-50.2056,67.62,92,100,11.32
134,Asfi,MA,2022-03-13 16:43:07,32.2994,-9.2372,61.99,82,100,10.25
135,Miraflores,MX,2022-03-13 16:43:07,19.2167,-98.8083,62.02,30,0,3.8
136,Kristiansund,NO,2022-03-13 16:43:07,63.1115,7.732,50.65,40,0,6.91
137,Walvis Bay,NA,2022-03-13 16:43:08,-22.9575,14.5053,77.95,53,99,17.27
138,Beyneu,KZ,2022-03-13 16:43:08,45.3167,55.2,31.68,75,80,10.18
139,Kolpashevo,RU,2022-03-13 16:43:08,58.3131,82.9089,-12.5,100,23,4.38
140,Cavalcante,BR,2022-03-13 16:43:09,-13.7975,-47.4583,83.62,53,95,2.3
141,Sarakhs,IR,2022-03-13 16:43:09,36.5449,61.1577,50.14,81,100,0.0
142,Itapirapua,BR,2022-03-13 16:43:09,-15.8233,-50.6133,84.51,65,85,3.11
143,Oyem,GA,2022-03-13 16:43:10,1.5995,11.5793,74.1,83,75,3.13
144,Pangnirtung,CA,2022-03-13 16:43:10,66.1451,-65.7125,-20.2,69,0,0.0
145,Hargeysa,SO,2022-03-13 16:43:11,9.56,44.065,64.6,81,42,14.97
146,Verkhnetulomskiy,RU,2022-03-13 16:43:11,68.6073,31.7962,32.13,96,99,2.13
147,Rawson,AR,2022-03-13 16:43:11,-43.3002,-65.1023,79.29,21,50,18.86
148,Adamovka,RU,2022-03-13 16:43:12,51.5223,59.9396,-8.88,100,49,2.51
149,Comodoro Rivadavia,AR,2022-03-13 16:43:12,-45.8667,-67.5,75.06,15,0,16.11
150,Marzuq,YE,2022-03-13 16:43:12,14.4,46.4667,65.61,58,28,9.22
151,Neftegorsk,RU,2022-03-13 16:43:13,52.802,51.166,2.44,98,94,6.53
152,Andenes,NO,2022-03-13 16:43:13,69.3143,16.1194,39.18,81,20,9.22
153,Trincomalee,LK,2022-03-13 16:43:13,8.5711,81.2335,81.73,70,100,12.35
154,Pitimbu,BR,2022-03-13 16:43:14,-7.4706,-34.8086,86.59,67,96,9.31
155,Sechura,PE,2022-03-13 16:43:14,-5.5569,-80.8222,85.91,54,59,10.56
156,Kisangani,CD,2022-03-13 16:40:22,0.5167,25.2,77.02,71,99,3.24
157,Bonavista,CA,2022-03-13 16:43:15,48.6499,-53.1147,34.9,77,94,37.45
158,Parabel,RU,2022-03-13 16:43:15,58.6978,81.4825,-12.66,100,62,2.19
159,Mikkeli,FI,2022-03-13 16:43:15,61.6886,27.2723,32.11,69,0,2.3
160,Margate,GB,2022-03-13 16:43:16,51.3813,1.3862,48.87,84,100,4.0
161,Dinar,TR,2022-03-13 16:43:16,38.065,30.1656,28.36,71,25,4.85
162,Adrar,MR,2022-03-13 16:43:16,20.5022,-10.0711,86.68,6,0,6.2
163,Goderich,CA,2022-03-13 16:41:31,43.7501,-81.7165,25.92,86,100,14.97
164,Hare Bay,CA,2022-03-13 16:43:17,48.8499,-54.0148,37.0,66,88,25.41
165,Tamale,GH,2022-03-13 16:43:03,9.4008,-0.8393,100.65,21,100,1.81
166,Necochea,AR,2022-03-13 16:43:18,-38.5473,-58.7368,73.67,52,55,12.01
167,Cachoeira Do Sul,BR,2022-03-13 16:43:18,-30.0392,-52.8939,64.2,83,100,5.75
168,Pictou,CA,2022-03-13 16:43:18,45.6834,-62.7153,22.44,74,100,39.12
169,Aktash,RU,2022-03-13 16:43:19,50.3,87.7333,19.18,92,97,4.59
170,Polunochnoye,RU,2022-03-13 16:43:19,60.8697,60.4153,15.06,94,100,8.37
171,Ampanihy,MG,2022-03-13 16:43:19,-24.7,44.75,81.14,58,90,11.99
172,Kita,ML,2022-03-13 16:43:20,13.0349,-9.4895,101.35,8,40,2.1
173,Luderitz,NA,2022-03-13 16:43:20,-26.6481,15.1594,66.99,76,33,25.48
174,The Valley,AI,2022-03-13 16:42:03,18.217,-63.0578,84.06,65,20,16.11
175,San Cristobal,VE,2022-03-13 16:43:21,7.7669,-72.225,73.58,83,100,2.26
176,Bundibugyo,UG,2022-03-13 16:43:21,0.7414,30.0417,75.45,63,100,5.99
177,Muros,ES,2022-03-13 16:43:21,42.7762,-9.0603,48.83,78,100,9.48
178,Torbay,CA,2022-03-13 16:43:22,47.6666,-52.7314,38.57,85,100,39.12
179,Sept-Iles,CA,2022-03-13 16:40:28,50.2001,-66.3821,19.06,61,75,26.46
180,Nouadhibou,MR,2022-03-13 16:43:22,20.931,-17.0347,69.78,68,0,23.02
181,Kalmunai,LK,2022-03-13 16:44:23,7.4167,81.8167,79.61,74,100,7.81
182,Salalah,OM,2022-03-13 16:44:23,17.0151,54.0924,78.89,73,0,3.44
183,Quatre Cocos,MU,2022-03-13 16:44:24,-20.2078,57.7625,77.11,85,63,13.2
184,Akhnur,IN,2022-03-13 16:44:24,32.8667,74.7333,69.96,52,59,4.92
185,Belmonte,BR,2022-03-13 16:44:24,-15.8631,-38.8828,84.76,62,85,8.41
186,Mollendo,PE,2022-03-13 16:44:25,-17.0231,-72.0147,75.4,73,83,7.87
187,Camapua,BR,2022-03-13 16:44:25,-19.5314,-54.0439,80.65,77,90,5.41
188,Qaqortoq,GL,2022-03-13 16:44:25,60.7167,-46.0333,16.2,68,100,6.31
189,Dondo,MZ,2022-03-13 16:44:26,-19.6094,34.7431,81.91,90,99,4.34
190,Charlestown,AU,2022-03-13 16:44:26,-32.95,151.6667,66.72,95,16,1.28
191,Viedma,AR,2022-03-13 16:40:26,-40.8135,-62.9967,78.98,30,30,19.33
192,San Pedro,PH,2022-03-13 16:44:27,14.35,121.0167,81.63,80,75,8.05
193,Karla,EE,2022-03-13 16:44:27,59.3723,24.9275,40.71,45,0,5.75
194,Kamenka,RU,2022-03-13 16:44:27,51.3223,42.7678,2.86,96,39,5.17
195,Matagami,CA,2022-03-13 16:44:28,49.7502,-77.6328,10.51,52,75,13.8
196,Ramanuj Ganj,IN,2022-03-13 16:44:28,23.8,83.7,68.02,20,0,3.18
197,Castro,BR,2022-03-13 16:44:28,-24.7911,-50.0119,67.08,95,100,3.85
198,Guarda,PT,2022-03-13 16:42:07,40.5373,-7.2658,47.23,66,100,6.96
199,Komatipoort,ZA,2022-03-13 16:44:29,-25.4332,31.9548,80.78,58,1,8.55
200,Camacha,PT,2022-03-13 16:44:29,33.0833,-16.3333,62.02,59,20,12.66
201,Manta,EC,2022-03-13 16:44:30,-0.95,-80.7333,83.98,79,40,5.75
202,Moussoro,TD,2022-03-13 16:44:30,13.6408,16.4901,88.93,10,98,12.73
203,Diu,IN,2022-03-13 16:40:01,20.7141,70.9822,80.33,39,0,10.56
204,Bali Chak,IN,2022-03-13 16:44:30,22.3667,87.55,74.44,31,30,5.46
205,Khapa,IN,2022-03-13 16:44:31,21.4333,78.9667,76.95,14,0,4.47
206,Angoche,MZ,2022-03-13 16:44:31,-16.2325,39.9086,77.81,88,100,8.01
207,Awbari,LY,2022-03-13 16:44:31,26.5921,12.7805,67.08,12,0,9.17
208,Padang,ID,2022-03-13 16:44:32,-0.9492,100.3543,77.52,89,100,3.15
209,Marystown,CA,2022-03-13 16:44:32,47.1666,-55.1483,34.86,100,100,5.99
210,Tiete,BR,2022-03-13 16:44:33,-23.1019,-47.7147,79.74,70,95,3.18
211,Vryburg,ZA,2022-03-13 16:44:33,-26.9566,24.7284,77.43,36,83,9.73
212,Daphne,US,2022-03-13 16:42:47,30.6035,-87.9036,51.96,31,0,5.75
213,Nkowakowa,ZA,2022-03-13 16:44:34,-23.8878,30.2871,77.36,50,51,2.44
214,Carndonagh,IE,2022-03-13 16:44:34,55.25,-7.2667,51.42,83,88,14.63
215,Jacarei,BR,2022-03-13 16:44:34,-23.3053,-45.9658,81.32,61,75,4.61
216,Kyzyl-Suu,KG,2022-03-13 16:44:35,42.3414,78.0056,40.73,92,100,4.21
217,Nantucket,US,2022-03-13 16:44:35,41.2835,-70.0995,34.09,47,0,20.71
218,Akdepe,TM,2022-03-13 16:44:35,42.0551,59.3788,44.69,37,52,7.25
219,Troitsko-Pechorsk,RU,2022-03-13 16:44:36,62.7084,56.1964,20.5,96,100,6.8
220,Uvat,RU,2022-03-13 16:44:36,59.1433,68.8953,4.26,96,100,5.97
221,Benghazi,LY,2022-03-13 16:44:36,32.1167,20.0667,57.2,60,100,14.43
222,Mitsamiouli,KM,2022-03-13 16:44:37,-11.3847,43.2844,84.49,70,75,4.61
223,Coquimbo,CL,2022-03-13 16:41:25,-29.9533,-71.3436,65.93,72,20,12.66
224,Nagua,DO,2022-03-13 16:44:37,19.3832,-69.8474,80.91,78,75,6.91
225,Iqaluit,CA,2022-03-13 16:44:38,63.7506,-68.5145,-18.31,68,20,4.61
226,Hofn,IS,2022-03-13 16:44:38,64.2539,-15.2082,39.22,75,20,9.22
227,Hamilton,US,2022-03-13 16:44:38,39.1834,-84.5333,41.65,48,20,23.02
228,Nizhniy Odes,RU,2022-03-13 16:45:39,63.6445,54.856,16.09,98,100,3.02
229,Jamsa,FI,2022-03-13 16:45:39,61.8642,25.19,38.12,94,100,4.05
230,Iralaya,HN,2022-03-13 16:45:40,15.0,-83.2333,83.05,70,4,11.95
231,Tubuala,PA,2022-03-13 16:45:40,9.5167,-79.0333,79.93,81,46,8.19
232,Dire,ML,2022-03-13 16:45:41,12.2833,-10.9667,103.93,9,65,2.77
233,Parati,BR,2022-03-13 16:45:41,-23.2178,-44.7131,82.69,75,100,2.93
234,Gazanjyk,TM,2022-03-13 16:45:42,39.2446,55.5154,51.42,45,62,9.37
235,Strezhevoy,RU,2022-03-13 16:45:42,60.7333,77.5889,0.81,99,100,4.47
236,Ponta Delgada,PT,2022-03-13 16:45:42,37.7333,-25.6667,59.72,55,40,17.27
237,Lethem,GY,2022-03-13 16:45:43,3.3803,-59.7968,95.5,37,51,8.37
238,Spasskoye,RU,2022-03-13 16:45:43,44.6108,132.7969,23.72,97,89,4.45
239,Coihaique,CL,2022-03-13 16:43:02,-45.5752,-72.0662,57.81,54,75,9.22
240,Korla,CN,2022-03-13 16:45:44,41.7597,86.1469,55.18,31,87,2.57
241,Port Elizabeth,ZA,2022-03-13 16:45:44,-33.918,25.5701,66.49,88,100,13.8
242,Charleston,US,2022-03-13 16:45:45,32.7766,-79.9309,49.08,26,0,5.75
243,Xuddur,SO,2022-03-13 16:45:45,4.1213,43.8894,86.77,25,73,10.2
244,Fort Pierce,US,2022-03-13 16:45:45,27.4467,-80.3256,68.05,66,75,15.01
245,Honningsvag,NO,2022-03-13 16:45:46,70.9821,25.9704,37.15,81,0,10.36
246,Kostyantynivka,UA,2022-03-13 16:45:46,48.5277,37.7069,21.54,86,72,4.68
247,Ogbomosho,NG,2022-03-13 16:45:46,8.133,4.25,95.18,50,68,7.67
248,Cordele,US,2022-03-13 16:45:47,31.9635,-83.7824,46.92,26,0,4.61
249,Presidencia Roque Saenz Pena,AR,2022-03-13 16:45:47,-26.7852,-60.4388,84.74,27,1,7.16
250,Tashtyp,RU,2022-03-13 16:45:47,52.7939,89.8983,7.47,93,100,6.69
251,Kologriv,RU,2022-03-13 16:45:48,58.8275,44.3178,24.51,93,88,6.38
252,Filadelfia,US,2022-03-13 16:43:06,39.9523,-75.1638,33.22,48,40,19.57
253,Grand-Lahou,CI,2022-03-13 16:45:48,5.1367,-5.0242,83.84,74,83,10.58
254,Sao Joao Da Barra,BR,2022-03-13 16:45:49,-21.6403,-41.0511,89.69,76,43,12.28
255,Ambilobe,MG,2022-03-13 16:45:49,-13.2,49.05,74.08,95,100,1.99
256,Lomovka,RU,2022-03-13 16:45:50,53.9194,58.3672,3.58,99,82,0.51
257,Balad,IQ,2022-03-13 16:42:31,34.0164,44.1453,55.29,33,0,8.32
258,Yataity,PY,2022-03-13 16:45:50,-26.3667,-56.0667,83.32,41,1,6.85
259,Novyy Urengoy,RU,2022-03-13 16:45:51,66.0833,76.6333,-8.0,100,90,6.26
260,Thohoyandou,ZA,2022-03-13 16:45:52,-22.9456,30.485,75.29,45,5,3.89
261,Hambantota,LK,2022-03-13 16:45:52,6.1241,81.1185,80.01,76,96,11.3
262,Sal Rei,CV,2022-03-13 16:45:53,16.1833,-22.9167,75.4,64,20,20.71
263,Valdivia,CL,2022-03-13 16:45:24,-39.8142,-73.2459,68.09,21,3,4.65
264,Olavarria,AR,2022-03-13 16:45:54,-36.8927,-60.3225,76.01,52,22,7.78
265,Uige,AO,2022-03-13 16:45:54,-7.6087,15.0613,80.62,69,40,9.22
266,Leshukonskoye,RU,2022-03-13 16:45:54,64.8989,45.7622,21.92,93,100,8.81
267,Segezha,RU,2022-03-13 16:45:55,63.7415,34.3222,28.9,90,97,3.09
268,Kozan,TR,2022-03-13 16:45:55,37.4552,35.8157,37.98,59,100,8.34
269,Ermelo,ZA,2022-03-13 16:45:56,-26.5333,29.9833,63.86,66,93,3.87
270,Nobres,BR,2022-03-13 16:45:56,-14.7203,-56.3275,83.17,76,94,4.27
271,Kovylkino,RU,2022-03-13 16:45:57,54.0388,43.9139,23.77,95,100,11.48
272,Mehamn,NO,2022-03-13 16:45:57,71.0357,27.8492,33.75,86,0,12.66
273,Kasulu,TZ,2022-03-13 16:45:58,-4.5767,30.1025,64.85,92,100,2.15
274,Inhambane,MZ,2022-03-13 16:45:58,-23.865,35.3833,82.38,69,20,5.01
275,Henties Bay,NA,2022-03-13 16:46:58,-22.116,14.2845,65.61,81,100,12.01
276,Verkhnyaya Inta,RU,2022-03-13 16:46:59,65.9811,60.3094,9.25,84,71,8.63
277,Karasjok,NO,2022-03-13 16:46:59,69.4719,25.5112,21.72,92,99,3.0
278,Biltine,TD,2022-03-13 16:47:00,14.5333,20.9167,87.64,11,99,12.19
279,Kruisfontein,ZA,2022-03-13 16:47:00,-34.0033,24.7314,63.88,88,100,10.69
280,Sumbe,AO,2022-03-13 16:47:00,-11.2061,13.8437,79.72,81,100,5.75
281,Fez,MA,2022-03-13 16:46:04,34.0372,-4.9998,66.45,55,40,5.75
282,Surgut,RU,2022-03-13 16:44:14,61.25,73.4167,10.58,56,0,6.71
283,Batsfjord,NO,2022-03-13 16:47:01,70.6345,29.7185,33.58,93,40,12.66
284,Sur,OM,2022-03-13 16:47:01,22.5667,59.5289,81.43,40,0,9.44
285,Baghdad,IQ,2022-03-13 16:47:02,33.3406,44.4009,57.11,33,0,4.61
286,Mahon,ES,2022-03-13 16:47:02,39.8885,4.2658,57.76,94,75,11.5
287,Manzil Salim,TN,2022-03-13 16:47:02,35.8567,8.4765,59.97,46,100,6.42
288,Voznesenye,RU,2022-03-13 16:47:03,61.0106,35.4781,32.76,99,100,4.61
289,Rio Gallegos,AR,2022-03-13 16:47:03,-51.6226,-69.2181,55.45,28,20,42.57
290,Stephenville Crossing,CA,2022-03-13 16:45:24,48.5,-58.4318,23.13,80,100,29.93
291,Leh,IN,2022-03-13 16:47:04,34.1667,77.5833,14.52,61,2,3.6
292,Kostomuksha,RU,2022-03-13 16:44:01,64.571,30.5767,32.0,99,100,2.51
293,Coxim,BR,2022-03-13 16:46:35,-18.5067,-54.76,84.42,70,85,4.18
294,Ancud,CL,2022-03-13 16:47:04,-41.8697,-73.8203,71.22,56,80,6.4
295,Vilhena,BR,2022-03-13 16:47:05,-12.7406,-60.1458,82.62,69,75,3.44
296,Afrikanda,RU,2022-03-13 16:47:05,67.4429,32.7828,24.51,97,78,2.75
297,Nuevo Imperial,PE,2022-03-13 16:47:05,-13.0754,-76.3172,78.62,64,90,8.68
298,Kushmurun,KZ,2022-03-13 16:47:06,52.4503,64.6311,1.27,100,81,4.99
299,Prainha,BR,2022-03-13 16:47:07,-1.8,-53.48,83.08,78,98,4.83
300,Wajid,SO,2022-03-13 16:47:07,3.8093,43.2471,90.39,22,48,11.77
301,Pavlogradka,RU,2022-03-13 16:47:07,54.2024,73.5592,8.08,89,100,13.87
302,Aqtobe,KZ,2022-03-13 16:47:08,50.2797,57.2072,8.69,72,0,0.0
303,Hwange,ZW,2022-03-13 16:47:08,-18.3693,26.5019,75.33,70,64,3.65
304,Tucuman,AR,2022-03-13 16:47:08,-26.8241,-65.2226,75.2,64,75,3.44
305,Camana,PE,2022-03-13 16:47:09,-16.6228,-72.7111,75.79,74,100,8.55
306,Hualmay,PE,2022-03-13 16:47:09,-11.0964,-77.6139,76.03,73,100,7.31
307,Langenhagen,DE,2022-03-13 16:47:09,52.45,9.75,55.42,30,0,12.66
308,Yarada,IN,2022-03-13 16:47:10,17.65,83.2667,77.32,83,20,2.3
309,Dingle,PH,2022-03-13 16:47:10,10.9995,122.6711,76.86,91,61,5.61
310,Riyadh,SA,2022-03-13 16:45:27,24.6877,46.7219,80.74,14,0,14.16
311,Watsa,CD,2022-03-13 16:47:11,3.0372,29.5355,65.88,96,89,4.65
312,Matay,EG,2022-03-13 16:47:11,28.419,30.7792,56.62,44,5,16.89
313,Trinidad,BO,2022-03-13 16:47:11,-14.8333,-64.9,78.78,73,75,6.91
314,Port Hawkesbury,CA,2022-03-13 16:47:12,45.6169,-61.3485,26.19,87,100,32.21
315,Eastbourne,GB,2022-03-13 16:47:12,50.7687,0.2845,51.4,87,100,3.0
316,Bagrami,AF,2022-03-13 16:47:13,34.4938,69.2743,61.14,41,100,1.52
317,Pipar,IN,2022-03-13 16:47:13,26.3856,73.5378,83.62,19,0,7.67
318,Pignon,HT,2022-03-13 16:47:13,19.3333,-72.1167,86.27,41,100,8.32
319,Porto Novo,BJ,2022-03-13 16:47:14,6.4965,2.6036,87.62,61,46,7.81
320,Maralal,KE,2022-03-13 16:48:14,1.0968,36.698,68.36,42,62,13.18
321,Kedougou,SN,2022-03-13 16:48:15,12.5579,-12.1743,104.5,8,75,4.38
322,Oparino,RU,2022-03-13 16:48:15,59.8518,48.2783,17.91,97,99,3.49
323,Gobabis,NA,2022-03-13 16:48:15,-22.45,18.9667,76.41,46,84,13.91
324,Lichinga,MZ,2022-03-13 16:48:16,-13.3128,35.2406,62.74,96,100,1.92
325,Hulyaypole,UA,2022-03-13 16:48:16,47.6653,36.2578,26.55,71,16,6.64
326,Redcar,GB,2022-03-13 16:48:17,54.6166,-1.06,55.08,59,99,11.99
327,Zaysan,KZ,2022-03-13 16:48:17,47.4667,84.8667,36.07,93,100,6.38
328,Saint-Pierre,RE,2022-03-13 16:48:17,-21.3393,55.4781,80.28,80,100,21.85
329,Mahajanga,MG,2022-03-13 16:48:18,-15.7167,46.3167,82.42,83,20,0.0
330,Mabaruma,GY,2022-03-13 16:48:18,8.2,-59.7833,81.55,73,21,7.34
331,Quebo,GW,2022-03-13 16:48:18,11.3333,-14.9333,89.17,35,96,12.84
332,Zastron,ZA,2022-03-13 16:48:19,-30.3023,27.084,66.6,62,74,5.55
333,Mascote,BR,2022-03-13 16:48:19,-15.5631,-39.3025,85.51,41,71,6.15
334,Poros,GR,2022-03-13 16:48:19,37.4994,23.4536,45.86,51,13,4.76
335,Aksu,CN,2022-03-13 16:48:20,41.1231,80.2644,54.07,32,100,4.25
336,Cuenca,EC,2022-03-13 16:48:20,-2.8833,-78.9833,68.13,56,40,4.61
337,Porto Torres,IT,2022-03-13 16:48:21,40.835,8.3972,59.18,84,93,2.8
338,Sendreni,RO,2022-03-13 16:48:21,45.4,27.9167,36.37,64,100,4.56
339,Acarau,BR,2022-03-13 16:48:21,-2.8856,-40.12,82.87,71,100,8.01
340,Marawi,PH,2022-03-13 16:48:22,7.9986,124.2928,70.03,94,99,1.43
341,Nizwa,OM,2022-03-13 16:48:22,22.9333,57.5333,82.83,22,0,1.68
342,Kakhovka,UA,2022-03-13 16:48:22,46.8137,33.487,30.27,66,75,6.55
343,Souillac,MU,2022-03-13 16:48:23,-20.5167,57.5167,77.38,94,40,5.75
344,Vengurla,IN,2022-03-13 16:48:23,15.8667,73.6333,81.39,56,12,6.17
345,Valparaiso,CL,2022-03-13 16:46:14,-33.0393,-71.6273,64.63,77,20,11.5
346,Virginia Beach,US,2022-03-13 16:48:24,36.8529,-75.978,39.04,38,0,8.05
347,Khudumelapye,BW,2022-03-13 16:48:24,-23.8833,24.75,79.99,32,0,5.48
348,Masunga,BW,2022-03-13 16:48:24,-20.6246,27.4488,80.28,33,36,5.28
349,Teguldet,RU,2022-03-13 16:48:25,57.3064,88.1667,-6.47,99,45,4.65
350,Nouakchott,MR,2022-03-13 16:43:38,18.0858,-15.9785,96.73,37,0,13.11
351,Ndele,CF,2022-03-13 16:48:25,8.4109,20.6473,89.15,23,92,4.12
352,Cabedelo,BR,2022-03-13 16:43:41,-6.9811,-34.8339,86.67,66,99,9.78
353,Bayan,CN,2022-03-13 16:48:26,46.0833,127.4,22.35,93,100,5.68
354,Tulum,MX,2022-03-13 16:48:26,20.2167,-87.4667,74.62,65,100,9.86
355,Marsh Harbour,BS,2022-03-13 16:48:26,26.5412,-77.0636,67.71,64,33,22.55
356,Manacapuru,BR,2022-03-13 16:44:32,-3.2997,-60.6206,84.16,75,94,1.77
357,Sandur,IN,2022-03-13 16:48:27,15.1,76.55,81.84,27,30,3.56
358,Marrakesh,MA,2022-03-13 16:45:46,31.6315,-8.0083,73.47,43,40,6.91
359,Porto Nacional,BR,2022-03-13 16:48:28,-10.7081,-48.4172,87.71,62,24,3.06
360,Kondopoga,RU,2022-03-13 16:48:28,62.2057,34.2614,35.28,100,100,2.89
361,Raudeberg,NO,2022-03-13 16:48:28,61.9875,5.1352,48.87,77,100,10.02
362,Buraydah,SA,2022-03-13 16:48:29,26.326,43.975,70.25,23,88,18.07
363,Prieska,ZA,2022-03-13 16:48:29,-29.6641,22.7474,65.21,79,77,24.32
364,Sucua,EC,2022-03-13 16:48:29,-2.4667,-78.1667,79.54,69,20,1.14
365,Nijar,ES,2022-03-13 16:48:30,36.9665,-2.206,58.66,77,20,12.66
366,Grand-Couronne,FR,2022-03-13 16:48:30,49.3556,1.0065,50.2,88,75,4.61
367,Port Blair,IN,2022-03-13 16:48:30,11.6667,92.75,80.64,83,20,2.3
368,Sioux Lookout,CA,2022-03-13 16:49:31,50.1001,-91.917,12.27,79,75,6.91
369,Oriximina,BR,2022-03-13 16:49:31,-1.7656,-55.8661,82.83,80,95,2.82
370,Swadlincote,GB,2022-03-13 16:49:32,52.774,-1.5574,54.54,65,40,14.97
371,Kasterlee,BE,2022-03-13 16:49:32,51.2426,4.9699,60.76,72,92,12.86
372,Ferrol,ES,2022-03-13 16:49:32,43.4832,-8.2369,49.68,78,100,12.64
373,Cayenne,GF,2022-03-13 16:49:33,4.9333,-52.3333,75.24,1,75,5.75
374,Uvira,CD,2022-03-13 16:49:33,-3.4067,29.1458,74.66,83,100,5.82
375,Sao Jose Da Coroa Grande,BR,2022-03-13 16:49:33,-8.8978,-35.1478,84.65,65,73,10.0
376,Coruche,PT,2022-03-13 16:49:34,38.9595,-8.5252,62.94,54,100,8.5
377,Shelburne,CA,2022-03-13 16:46:51,44.0787,-80.2041,22.91,77,100,16.11
378,Dharchula,IN,2022-03-13 16:49:34,29.85,80.5333,60.87,30,23,8.34
379,Tutoia,BR,2022-03-13 16:49:35,-2.7619,-42.2744,83.44,71,83,8.5
380,Cap Malheureux,MU,2022-03-13 16:49:35,-19.9842,57.6142,77.47,87,30,7.0
381,Nadym,RU,2022-03-13 16:49:35,65.5333,72.5167,1.18,98,99,8.43
382,Dosso,NE,2022-03-13 16:49:36,13.049,3.1937,99.68,10,95,6.35
383,Port Shepstone,ZA,2022-03-13 16:49:36,-30.7414,30.455,77.81,89,1,19.69
384,Kulhudhuffushi,MV,2022-03-13 16:49:36,6.6221,73.07,83.37,69,92,4.83
385,Gamba,GA,2022-03-13 16:49:37,-2.65,10.0,81.19,77,85,8.43
386,Kristiinankaupunki,FI,2022-03-13 16:49:37,62.2743,21.376,28.35,91,83,6.87
387,Umm Bab,QA,2022-03-13 16:49:37,25.2142,50.8072,68.52,75,0,14.9
388,Conceicao Do Araguaia,BR,2022-03-13 16:49:38,-8.2578,-49.2647,86.52,65,72,4.36
389,Grand-Santi,GF,2022-03-13 16:49:38,4.25,-54.3833,82.31,80,100,2.82
390,Cascais,PT,2022-03-13 16:49:39,38.6979,-9.4215,60.48,62,40,13.0
391,Segou,ML,2022-03-13 16:49:39,13.4317,-6.2157,99.32,7,54,6.87
392,Gorom-Gorom,BF,2022-03-13 16:49:39,14.4439,-0.2361,99.86,10,14,7.87
393,Rio Verde De Mato Grosso,BR,2022-03-13 16:49:40,-18.9181,-54.8442,81.0,77,94,5.79
394,Mega,ET,2022-03-13 16:49:40,4.05,38.3,74.03,27,94,11.21
395,Touros,BR,2022-03-13 16:49:40,-5.1989,-35.4608,84.72,62,100,8.14
396,Sochi,RU,2022-03-13 16:45:01,43.6,39.7303,35.69,73,88,6.71
397,Olafsvik,IS,2022-03-13 16:49:41,64.8945,-23.7142,37.6,75,89,22.95
398,Santiago Del Estero,AR,2022-03-13 16:45:11,-27.7951,-64.2615,80.58,40,64,1.9
399,Meulaboh,ID,2022-03-13 16:49:41,4.1363,96.1285,77.67,86,24,2.84
400,Paragominas,BR,2022-03-13 16:49:42,-2.9667,-47.4833,84.99,70,49,3.8
401,Pangody,RU,2022-03-13 16:49:42,65.85,74.4859,8.06,96,97,6.98
402,Cajaruro,PE,2022-03-13 16:49:42,-5.7364,-78.4256,72.61,90,100,1.21
403,Ormara,PK,2022-03-13 16:49:43,25.2088,64.6357,77.52,69,0,11.36
404,Mbuji-Mayi,CD,2022-03-13 16:46:28,-6.15,23.6,69.93,94,100,3.11
405,Tabou,CI,2022-03-13 16:49:43,4.423,-7.3528,82.6,76,84,9.48
406,Jacareacanga,BR,2022-03-13 16:49:44,-6.2222,-57.7528,87.31,65,98,1.63
407,Saint-Denis,FR,2022-03-13 16:47:10,48.9167,2.3333,48.97,88,75,10.36
408,Mindelo,CV,2022-03-13 16:49:44,16.8901,-24.9804,76.55,53,20,36.82
409,Puri,IN,2022-03-13 16:49:45,19.8,85.85,79.32,75,98,8.08
410,Groningen,NL,2022-03-13 16:49:45,53.25,6.75,59.07,42,75,8.05
411,Wad Rawah,SD,2022-03-13 16:49:45,15.1603,33.1397,86.4,14,21,12.5
412,Berbera,SO,2022-03-13 16:49:46,10.4396,45.0143,78.22,79,68,10.65
413,Sabya,SA,2022-03-13 16:49:46,17.1495,42.6254,83.82,62,67,8.16
414,Beloha,MG,2022-03-13 16:49:46,-25.1667,45.05,76.12,75,68,16.82
415,Wamba,NG,2022-03-13 16:49:47,8.9333,8.6,94.24,21,100,8.14
416,Bereda,ES,2022-03-13 16:50:47,43.2686,-7.5406,48.15,85,95,8.23
417,Jalu,LY,2022-03-13 16:50:48,29.0331,21.5482,61.48,32,0,8.5
418,Jos,NG,2022-03-13 16:50:48,9.9167,8.9,84.9,12,100,8.63
419,Trofors,NO,2022-03-13 16:50:48,65.5333,13.4063,39.07,77,92,4.23
420,Great Yarmouth,GB,2022-03-13 16:50:49,52.6083,1.7305,50.95,89,100,13.15
421,Schiffdorf,DE,2022-03-13 16:50:49,53.5333,8.65,54.25,52,83,10.29
422,Abu Zabad,SD,2022-03-13 16:50:49,12.35,29.25,83.3,12,94,11.1
423,Mwene-Ditu,CD,2022-03-13 16:50:50,-7.0,23.45,66.99,91,100,4.16
424,Nioro,GM,2022-03-13 16:50:50,13.35,-15.75,104.97,7,15,1.32
425,Timizart,DZ,2022-03-13 16:50:51,36.8,4.2667,56.59,67,100,5.19
426,Jawhar,SO,2022-03-13 16:50:51,2.7809,45.5005,78.37,69,36,19.13
427,Abrego,CO,2022-03-13 16:50:51,8.0807,-73.2205,65.43,92,100,4.07
428,Puerto Del Rosario,ES,2022-03-13 16:50:52,28.5004,-13.8627,69.55,56,75,13.8
429,Candido Mendes,BR,2022-03-13 16:50:52,-1.4467,-45.7167,77.61,94,100,2.1
430,Glotovka,RU,2022-03-13 16:50:52,53.9491,46.7042,19.22,95,99,8.19
431,Brae,GB,2022-03-13 16:50:53,60.3964,-1.353,46.04,86,100,28.39
432,Taywarah,AF,2022-03-13 16:50:53,33.35,64.4167,45.01,67,89,1.72
433,Ginda,IN,2022-03-13 16:50:54,30.6945,78.4932,55.31,27,0,8.12
434,Taraz,KZ,2022-03-13 16:50:54,42.9,71.3667,52.21,54,100,13.42
435,Kemijarvi,FI,2022-03-13 16:50:54,66.7131,27.4306,32.02,86,100,4.81
436,Gavle,SE,2022-03-13 16:50:55,60.6745,17.1417,34.81,83,80,5.5
437,Murbad,IN,2022-03-13 16:50:55,19.25,73.4,83.3,17,0,1.92
438,Umm Kaddadah,SD,2022-03-13 16:50:55,13.6017,26.6876,79.3,13,8,12.75
439,Mineiros,BR,2022-03-13 16:50:56,-17.5694,-52.5511,71.1,87,100,2.93
440,Sao Sebastiao,BR,2022-03-13 16:49:15,-23.76,-45.4097,79.25,82,100,4.12
441,San Martin,AR,2022-03-13 16:50:56,-33.081,-68.4681,77.54,28,12,7.76
442,At-Bashi,KG,2022-03-13 16:50:57,41.1702,75.8106,38.95,96,100,1.52
443,Graaff-Reinet,ZA,2022-03-13 16:50:57,-32.2522,24.5308,67.93,74,92,8.39
444,Espelkamp,DE,2022-03-13 16:50:57,52.3833,8.6167,57.34,56,77,8.68
445,Havre-Saint-Pierre,CA,2022-03-13 16:50:58,50.2334,-63.5986,15.8,67,100,24.16
446,Iguape,BR,2022-03-13 16:50:58,-24.7081,-47.5553,73.44,94,100,12.06
447,Saint-Augustin,CA,2022-03-13 16:50:58,51.226,-58.6502,18.95,82,98,24.9
448,Saint Anthony,US,2022-03-13 16:50:59,45.0205,-93.218,39.09,65,0,13.8
449,Charyshskoye,RU,2022-03-13 16:50:59,51.3978,83.5598,23.81,97,100,2.19
450,General Pico,AR,2022-03-13 16:50:59,-35.6566,-63.7568,82.44,33,19,7.81
451,Mayumba,GA,2022-03-13 16:51:00,-3.432,10.6554,78.76,83,57,4.7
452,Pisco,PE,2022-03-13 16:51:00,-13.7,-76.2167,81.01,69,0,6.91
453,West Bay,KY,2022-03-13 16:51:01,19.3667,-81.4167,84.27,77,40,19.57
454,Sucre,BO,2022-03-13 16:51:01,-19.0333,-65.2627,59.58,63,94,8.99
455,Antsohihy,MG,2022-03-13 16:51:01,-14.8796,47.9875,75.69,92,97,1.25
456,Supe,PE,2022-03-13 16:51:02,-10.8,-77.7333,75.09,74,100,6.46
457,Vestmannaeyjar,IS,2022-03-13 16:51:02,63.4427,-20.2734,40.19,81,20,18.41
458,Naryan-Mar,RU,2022-03-13 16:51:02,67.6713,53.087,-0.4,100,33,5.91
459,Inongo,CD,2022-03-13 16:51:03,-1.95,18.2667,76.03,81,80,3.38
460,Vangaindrano,MG,2022-03-13 16:51:03,-23.35,47.6,73.85,89,100,4.16
461,Najran,SA,2022-03-13 16:51:04,17.4924,44.1277,81.25,13,50,6.69
462,Soyo,AO,2022-03-13 16:52:04,-6.1349,12.3689,81.34,77,89,9.57
463,Arroyo,ES,2022-03-13 16:52:04,41.6096,-4.7969,56.19,47,0,9.22
464,Lagoa,PT,2022-03-13 16:52:05,39.05,-27.9833,54.54,56,83,14.85
465,Varhaug,NO,2022-03-13 16:52:05,58.6147,5.6457,49.55,60,100,29.17
466,Ordzhonikidze,KZ,2022-03-13 16:52:05,52.4411,61.7408,-8.16,100,82,4.94
467,Dehloran,IR,2022-03-13 16:52:06,32.6941,47.2679,65.55,25,2,4.29
468,Tocopilla,CL,2022-03-13 16:52:06,-22.092,-70.1979,73.53,69,20,6.29
469,Catacaos,PE,2022-03-13 16:52:06,-5.2667,-80.6833,91.0,43,55,6.15
470,Berlevag,NO,2022-03-13 16:52:07,70.8578,29.0864,33.8,86,90,10.4
471,Rocha,UY,2022-03-13 16:52:07,-34.4833,-54.3333,74.52,39,31,7.2
472,Ilebo,CD,2022-03-13 16:52:08,-4.3167,20.5833,74.46,84,86,1.21
473,Puerto Lopez,CO,2022-03-13 16:52:08,4.0845,-72.956,90.81,45,89,9.57
474,Lapithos,CY,2022-03-13 16:52:08,35.3375,33.1792,39.49,67,64,8.21
475,Corn Island,NI,2022-03-13 16:52:09,12.1694,-83.0418,79.95,80,10,17.54
476,Marsa Matruh,EG,2022-03-13 16:52:09,31.3525,27.2453,50.2,53,40,12.66
477,Pozo Colorado,PY,2022-03-13 16:52:09,-23.4923,-58.7972,90.09,24,1,7.47
478,Kapoeta,SS,2022-03-13 16:52:10,4.7717,33.5903,88.81,28,77,9.35
479,Bengkulu,ID,2022-03-13 16:52:10,-3.8004,102.2655,77.22,89,100,5.3
480,Urubicha,BO,2022-03-13 16:52:10,-15.3833,-62.95,81.43,63,97,3.98
481,Nurota,UZ,2022-03-13 16:52:11,40.5614,65.6886,51.51,54,94,4.99
482,Saint-Jerome,CA,2022-03-13 16:52:11,45.7804,-74.0036,22.15,55,75,12.66
483,Edd,ER,2022-03-13 16:52:12,13.9297,41.6925,81.01,62,24,11.25
484,Salinopolis,BR,2022-03-13 16:52:12,-0.6136,-47.3561,78.1,89,100,4.74
485,Saint-Joseph,RE,2022-03-13 16:52:13,-21.3667,55.6167,79.18,87,86,15.3
486,Los Llanos De Aridane,ES,2022-03-13 16:52:13,28.6585,-17.9182,67.75,72,20,7.0
487,Atbasar,KZ,2022-03-13 16:52:13,51.8,68.3333,8.4,97,97,6.46
488,Pozoblanco,ES,2022-03-13 16:52:14,38.3791,-4.8483,54.61,59,100,2.55
489,Amberieu-En-Bugey,FR,2022-03-13 16:52:14,45.9589,5.3432,49.98,90,100,3.65
490,Jardim,BR,2022-03-13 16:52:15,-21.4803,-56.1381,75.78,79,97,6.87
491,Gagra,GE,2022-03-13 16:52:15,43.3283,40.2239,34.72,78,99,3.67
492,Altay,CN,2022-03-13 16:52:15,47.8667,88.1167,33.96,99,100,4.29
493,Pokhara,NP,2022-03-13 16:52:16,28.2333,83.9833,67.59,28,0,6.76
494,Menongue,AO,2022-03-13 16:52:16,-14.6585,17.691,66.76,92,98,6.49
495,Bata,GQ,2022-03-13 16:52:16,1.8639,9.7658,82.08,76,89,6.58
496,Snasa,NO,2022-03-13 16:52:17,64.2457,12.3778,29.3,86,99,5.08
497,Kachiry,KZ,2022-03-13 16:52:17,53.0675,76.1036,11.12,86,100,14.88
498,Salvador,SV,2022-03-13 16:52:17,13.8333,-88.9167,88.2,26,25,5.5
499,Nyimba,ZM,2022-03-13 16:52:18,-14.5566,30.8149,69.49,94,67,2.89
500,Luanda,AO,2022-03-13 16:49:54,-8.8368,13.2343,80.67,70,100,11.45
501,Kharp,RU,2022-03-13 16:52:18,66.8014,65.8081,0.55,98,96,4.14
502,Chapais,CA,2022-03-13 16:52:18,49.7834,-74.8492,-0.62,74,100,10.45
503,Likasi,CD,2022-03-13 16:52:19,-10.9814,26.7333,62.46,96,100,3.09
504,Thinadhoo,MV,2022-03-13 16:52:19,0.5333,72.9333,83.98,68,79,6.46
505,Borodyanka,UA,2022-03-13 16:52:20,50.6448,29.9201,31.5,81,90,2.55
506,Lahij,YE,2022-03-13 16:52:20,13.1667,44.5833,73.45,66,72,9.31
507,Ust-Charyshskaya Pristan,RU,2022-03-13 16:52:20,52.3934,83.6635,15.91,87,100,12.59
508,Nigde,TR,2022-03-13 16:48:58,37.8333,34.75,9.07,89,100,5.75
509,Rakitnoye,RU,2022-03-13 16:53:21,50.8389,35.8515,22.71,87,99,4.12
510,Natal,BR,2022-03-13 16:52:45,-5.795,-35.2094,88.02,66,40,13.8
511,Porto Walter,BR,2022-03-13 16:53:21,-8.2686,-72.7439,72.14,100,100,1.25
512,Bay Roberts,CA,2022-03-13 16:53:22,47.5999,-53.2648,38.52,81,100,21.0
513,Hobyo,SO,2022-03-13 16:53:22,5.3505,48.5268,78.82,74,22,17.6
514,Astana,KZ,2022-03-13 16:53:22,51.1801,71.446,17.55,86,100,11.18
515,Rafraf,TN,2022-03-13 16:53:23,37.1904,10.1837,61.12,72,60,19.39
516,Santa Helena De Goias,BR,2022-03-13 16:52:13,-17.8136,-50.5969,76.87,77,98,1.48
517,Ust-Ishim,RU,2022-03-13 16:53:23,57.6935,71.1665,1.2,97,57,4.52
518,Zabol,AF,2022-03-13 16:53:24,32.25,67.25,64.47,39,97,7.67
519,Agua Buena,PA,2022-03-13 16:53:24,7.8167,-80.4,94.77,99,38,14.25
520,Grand Gaube,MU,2022-03-13 16:53:24,-20.0064,57.6608,77.4,87,33,7.0
521,Canico,PT,2022-03-13 16:53:25,32.6333,-16.85,66.7,72,40,8.05
522,Oktyabrskoye,RU,2022-03-13 16:51:16,43.0645,44.7417,24.94,92,100,8.95
523,Santa Maria,BR,2022-03-13 16:53:25,-29.6842,-53.8069,65.5,94,100,8.05
524,Saint-Francois,FR,2022-03-13 16:53:25,46.4154,3.9054,45.84,87,100,4.61
525,Carutapera,BR,2022-03-13 16:53:26,-1.195,-46.02,76.55,93,100,2.75
526,Tromso,NO,2022-03-13 16:53:26,69.6496,18.957,41.02,60,0,2.3
527,Liverpool,GB,2022-03-13 16:53:27,53.4106,-2.9779,53.78,72,20,17.27
528,Chitral,PK,2022-03-13 16:53:27,35.8462,71.7858,51.78,51,89,5.55
529,Lake City,US,2022-03-13 16:53:27,30.1897,-82.6393,50.63,27,0,6.91
530,San Ramon,US,2022-03-13 16:51:27,37.7799,-121.978,57.96,81,100,5.75
531,Vadamadurai,IN,2022-03-13 16:53:28,10.4667,78.0833,76.08,49,100,4.63
532,Lucea,JM,2022-03-13 16:53:28,18.451,-78.1736,83.86,67,2,12.12
533,Le Port,RE,2022-03-13 16:53:29,-20.9373,55.2919,80.6,70,50,3.78
534,Beckley,US,2022-03-13 16:53:29,37.7782,-81.1882,30.09,41,6,3.0
535,Balakhonovskoye,RU,2022-03-13 16:53:29,44.7767,41.7842,28.47,76,99,6.49
536,Salta,AR,2022-03-13 16:52:23,-24.7859,-65.4117,72.19,53,40,3.44
537,Arvika,SE,2022-03-13 16:53:30,59.6553,12.5852,47.01,87,71,1.97
538,Emba,KZ,2022-03-13 16:53:30,48.8264,58.1442,10.72,93,100,4.5
539,Savinka,RU,2022-03-13 16:53:31,50.0785,47.0994,0.45,99,31,5.03
540,Prudyanka,UA,2022-03-13 16:53:31,50.2361,36.1683,27.48,82,100,3.15
541,Andros Town,BS,2022-03-13 16:53:31,24.7,-77.7667,71.56,64,100,19.89
542,Punta Alta,AR,2022-03-13 16:52:54,-38.8759,-62.0736,75.07,39,5,5.35
543,Gat,IL,2022-03-13 16:53:32,31.61,34.7642,50.81,100,97,13.4
544,Jaru,BR,2022-03-13 16:53:32,-10.4389,-62.4664,82.24,80,100,2.55
545,Bafq,IR,2022-03-13 16:53:32,31.6128,55.4107,71.49,31,100,6.8
546,Sadiqabad,PK,2022-03-13 16:53:33,28.3062,70.1307,85.69,18,0,4.23
547,Beira,MZ,2022-03-13 16:53:33,-19.8436,34.8389,82.49,78,75,9.22
548,Komsomolskiy,UZ,2022-03-13 16:53:33,40.4272,71.7189,54.32,87,40,4.61
549,Moose Factory,CA,2022-03-13 16:53:34,51.2585,-80.6094,10.4,52,0,6.91
550,Tchibanga,GA,2022-03-13 16:53:34,-2.85,11.0333,80.71,80,76,1.86
551,Fussen,DE,2022-03-13 16:53:35,47.8739,12.1695,40.91,73,0,3.96
552,Bereznik,RU,2022-03-13 16:53:35,62.8551,42.7072,22.32,93,55,8.25
553,Bull Savanna,JM,2022-03-13 16:53:35,17.8868,-77.5902,83.84,54,0,7.49
554,Vagos,PT,2022-03-13 16:50:02,40.556,-8.6817,60.85,64,88,11.41
555,Mecca,SA,2022-03-13 16:52:42,21.4267,39.8261,74.28,52,3,9.78
556,Kerouane,GN,2022-03-13 16:54:36,9.2667,-9.0167,97.05,12,91,7.4
557,Krasnoarmeyskoye,RU,2022-03-13 16:54:36,52.7182,50.0322,5.43,96,94,6.71
558,Sassandra,CI,2022-03-13 16:54:37,4.95,-6.0833,82.26,76,91,8.7
559,Sainte-Anne-Des-Monts,CA,2022-03-13 16:54:37,49.124,-66.4924,19.27,53,100,28.77
560,Hearst,CA,2022-03-13 16:54:37,49.6835,-83.6665,14.25,81,100,3.15
561,Bestobe,KZ,2022-03-13 16:54:38,52.4994,73.0975,12.56,95,100,12.21
562,Visby,SE,2022-03-13 16:54:38,57.6409,18.296,39.42,70,0,1.14
563,Ruy Barbosa,BR,2022-03-13 16:54:38,-12.2839,-40.4939,93.63,33,59,4.05
564,Dwarka,IN,2022-03-13 16:54:39,22.2394,68.9678,78.12,67,1,12.33
565,Bassar,TG,2022-03-13 16:54:39,9.25,0.7833,93.7,23,86,10.18
566,Carlisle,US,2022-03-13 16:54:39,40.2015,-77.1889,31.03,49,59,4.0
567,Ballitoville,ZA,2022-03-13 16:54:40,-29.539,31.2144,78.17,78,0,18.41
568,Manaure,CO,2022-03-13 16:54:40,11.7751,-72.4445,86.97,54,83,13.51
569,Springdale,US,2022-03-13 16:54:41,36.1867,-94.1288,54.82,31,0,20.71
570,Saint-Leu,RE,2022-03-13 16:54:41,-21.15,55.2833,79.66,80,60,3.56
571,Nador,MA,2022-03-13 16:54:41,35.174,-2.9287,64.47,72,20,4.61
572,Manjacaze,MZ,2022-03-13 16:54:42,-24.7117,33.8828,76.91,73,19,8.79
573,Newark,US,2022-03-13 16:54:42,40.7357,-74.1724,34.25,48,75,17.0
574,Mansa,IN,2022-03-13 16:54:42,29.9833,75.3833,72.39,29,0,7.09
575,Stratford-Upon-Avon,GB,2022-03-13 16:54:43,52.1917,-1.7073,54.77,70,100,10.29
576,Khadyzhensk,RU,2022-03-13 16:54:43,44.4256,39.5319,30.15,99,100,1.99
577,Muscat,OM,2022-03-13 16:54:43,23.6139,58.5922,82.09,48,0,6.53
578,Jurm,AF,2022-03-13 16:54:44,36.8648,70.8342,50.41,87,100,1.19
579,Alvorada,BR,2022-03-13 16:54:44,-12.48,-49.1247,88.86,57,100,1.39
580,Alta Floresta,BR,2022-03-13 16:54:44,-9.8756,-56.0861,87.21,64,76,0.98
581,Paso De Los Toros,UY,2022-03-13 16:54:45,-32.8167,-56.5167,73.49,45,1,4.97
582,Dunda,TZ,2022-03-13 16:54:45,-8.1167,34.25,66.51,91,100,4.25
583,Tombouctou,ML,2022-03-13 16:54:45,20.0,-3.0,90.21,5,0,1.52
584,Colares,PT,2022-03-13 16:54:46,38.7992,-9.4469,60.3,62,40,13.0
585,Cumra,TR,2022-03-13 16:54:46,37.5732,32.7745,15.93,85,55,3.53
586,Laguna,US,2022-03-13 16:53:27,38.421,-121.4238,59.05,75,0,9.22
587,Camiri,BO,2022-03-13 16:54:47,-20.05,-63.5167,69.58,78,100,0.0
588,Bobo Dioulasso,BF,2022-03-13 16:54:47,11.1771,-4.2979,100.85,9,69,0.0
589,Sovetskiy,RU,2022-03-13 16:54:47,61.3614,63.5842,9.97,93,100,8.97
590,Pandamatenga,BW,2022-03-13 16:54:48,-18.5278,25.627,74.12,63,100,5.7
591,Porto Belo,BR,2022-03-13 16:54:48,-27.1578,-48.5531,71.26,92,100,7.31
592,Vranjska Banja,RS,2022-03-13 16:54:48,42.555,21.9922,32.52,65,94,2.75
593,Narok,KE,2022-03-13 16:54:49,-1.0783,35.8601,67.23,38,98,1.77
594,Inverness,GB,2022-03-13 16:54:49,57.4791,-4.224,53.8,61,20,11.5
595,Utrecht,NL,2022-03-13 16:53:03,52.0,5.25,61.32,70,99,18.7
596,Sao Felix Do Xingu,BR,2022-03-13 16:54:09,-6.6447,-51.995,89.28,54,32,3.24
597,Mamallapuram,IN,2022-03-13 16:54:50,12.6264,80.1722,83.05,72,100,7.58
598,Havelock,US,2022-03-13 16:54:50,34.8791,-76.9013,39.97,39,0,3.11
599,Mana,GF,2022-03-13 16:54:50,5.6592,-53.7767,79.18,87,95,9.28
600,Kamina,CD,2022-03-13 16:54:51,-8.7386,24.9906,64.13,94,99,3.44
601,Villefontaine,FR,2022-03-13 16:54:51,45.6125,5.1456,50.11,76,75,8.05
602,Praia,CV,2022-03-13 16:50:12,14.9215,-23.5087,79.34,47,20,25.32
603,Hopelchen,MX,2022-03-13 16:55:52,19.7667,-89.85,78.75,51,94,4.81
604,Areosa,PT,2022-03-13 16:55:52,41.7178,-8.8571,51.33,83,100,10.96
605,Cornwall,CA,2022-03-13 16:55:10,45.0181,-74.7281,23.25,69,95,14.65
606,Shepsi,RU,2022-03-13 16:52:44,44.0361,39.1489,36.63,77,19,9.82
607,Iskateley,RU,2022-03-13 16:55:53,67.6803,53.1512,-0.51,100,32,5.82
608,Maniitsoq,GL,2022-03-13 16:55:53,65.4167,-52.9,2.8,77,77,7.02
609,Mao,ES,2022-03-13 16:55:53,39.8885,4.2658,57.76,94,75,11.5
610,Ballina,AU,2022-03-13 16:55:54,-28.8667,153.5667,65.01,96,75,4.61
611,Cartagena,CO,2022-03-13 16:55:54,10.3997,-75.5144,87.42,62,20,8.05
612,Fort Oglethorpe,US,2022-03-13 16:55:55,34.949,-85.2569,42.33,41,10,1.99
613,Jaisalmer,IN,2022-03-13 16:55:55,26.9147,70.9181,88.92,15,11,6.08
614,Mazamari,PE,2022-03-13 16:55:55,-11.3258,-74.5308,70.34,99,100,1.12
615,Baft,IR,2022-03-13 16:55:56,29.234,56.6057,59.05,34,99,6.06
616,Alexandria,EG,2022-03-13 16:55:11,31.2156,29.9553,53.56,58,40,11.5
617,Crotone,IT,2022-03-13 16:55:56,39.0851,17.1178,49.26,62,7,7.0
618,Barra Patuca,HN,2022-03-13 16:55:56,15.8,-84.2833,82.62,67,5,10.71
619,Srivardhan,IN,2022-03-13 16:55:57,18.0333,73.0167,82.45,41,26,7.23
620,Skala Fourkas,GR,2022-03-13 16:55:57,39.9998,23.3841,42.01,53,100,3.74
621,Msanga,TZ,2022-03-13 16:55:57,-6.05,36.0333,76.44,92,96,2.59
622,Brownsville,US,2022-03-13 16:55:58,25.9018,-97.4975,68.02,54,57,10.0
623,Bodden Town,KY,2022-03-13 16:55:58,19.2833,-81.25,84.2,74,40,19.57
624,Sidi Ali,DZ,2022-03-13 16:55:58,36.0998,0.4206,59.88,62,99,2.55
625,Dimona,IL,2022-03-13 16:55:59,31.0667,35.0333,47.05,62,83,15.77
626,Bulungu,CD,2022-03-13 16:55:59,-4.55,18.6,74.37,87,89,2.55
627,Bushenyi,UG,2022-03-13 16:56:00,-0.5853,30.2114,69.93,56,100,0.65
628,Esfarayen,IR,2022-03-13 16:56:00,37.0765,57.5101,49.66,44,7,4.74
629,Serik,TR,2022-03-13 16:56:00,36.9169,31.0989,44.85,44,29,10.83
630,Binga,ZW,2022-03-13 16:56:01,-17.6203,27.3414,77.4,68,45,4.76
631,Stepnyak,KZ,2022-03-13 16:56:01,52.8339,70.7803,10.17,95,100,11.18
632,Tchollire,CM,2022-03-13 16:56:01,8.4022,14.1698,94.17,11,50,4.5
633,Marabba,SD,2022-03-13 16:56:02,12.35,32.1833,90.59,13,79,13.94
634,Porto Santo,PT,2022-03-13 16:56:02,33.072,-16.3415,64.78,59,20,12.66
635,Almeirim,BR,2022-03-13 16:56:02,-1.5233,-52.5817,83.48,69,96,5.88
636,Mogadouro,PT,2022-03-13 16:56:03,41.3403,-6.7119,48.18,60,82,8.95
637,Machinga,MW,2022-03-13 16:56:03,-15.1685,35.3,67.28,98,98,2.28
638,Maltahohe,NA,2022-03-13 16:56:04,-24.8333,16.9833,73.56,37,72,18.28
639,Valday,RU,2022-03-13 16:56:04,57.9747,33.2525,32.68,97,100,5.59
640,Buxton,GB,2022-03-13 16:56:05,53.2574,-1.9098,51.42,75,100,8.01
641,Ongwediva,NA,2022-03-13 16:56:05,-17.7833,15.7667,71.6,74,100,3.76
642,Chancay,PE,2022-03-13 16:52:08,-11.5714,-77.2672,76.51,71,91,7.47
643,Gondar,ET,2022-03-13 16:51:12,12.6,37.4667,67.19,45,99,1.28
644,Aguas Belas,BR,2022-03-13 16:56:06,-9.1114,-37.1231,94.66,27,67,10.07
645,Mezen,RU,2022-03-13 16:56:06,65.8522,44.24,20.71,96,93,7.52
646,Araouane,ML,2022-03-13 16:56:06,18.9048,-3.5265,91.74,5,0,1.61
647,Revda,RU,2022-03-13 16:56:07,56.801,59.9303,1.0,100,99,2.62
648,Bahar,IR,2022-03-13 16:56:07,34.9072,48.4414,51.96,25,0,2.3
649,Surman,LY,2022-03-13 16:56:08,32.7567,12.5716,65.97,39,70,11.81
650,Cotonou,BJ,2022-03-13 16:56:08,6.3654,2.4183,87.78,70,40,10.36
651,Onega,RU,2022-03-13 16:57:08,63.9061,38.1404,15.01,97,61,3.94
652,Calvia,ES,2022-03-13 16:57:09,39.5657,2.5062,60.93,80,100,2.77
653,Pucara,PE,2022-03-13 16:57:09,-15.9803,-71.4606,37.53,54,97,9.8
654,Hendek,TR,2022-03-13 16:57:09,40.7994,30.7481,25.86,87,10,3.76
655,Nyzhnya Duvanka,UA,2022-03-13 16:57:10,49.5846,38.1743,12.6,92,39,1.68
656,Praia Da Vitoria,PT,2022-03-13 16:57:10,38.7333,-27.0667,57.45,67,75,20.38
657,Cochrane,CA,2022-03-13 16:57:10,51.1834,-114.4687,32.7,67,100,4.61
658,La Rioja,ES,2022-03-13 16:57:11,42.25,-2.5,49.78,40,11,5.14
659,Tevriz,RU,2022-03-13 16:57:11,57.509,72.4042,-0.04,97,28,4.27
660,Temuco,CL,2022-03-13 16:54:53,-38.7333,-72.6,69.57,23,1,8.61
661,Kokkola,FI,2022-03-13 16:57:12,63.8385,23.1307,33.96,51,0,3.44
662,Finnsnes,NO,2022-03-13 16:57:12,69.2296,17.9811,32.61,75,46,3.4
663,Elsterwerda,DE,2022-03-13 16:57:12,51.45,13.5333,53.46,41,0,10.85
664,Apiai,BR,2022-03-13 16:57:13,-24.5094,-48.8425,66.52,94,100,2.21
665,Zheleznodorozhnyy,RU,2022-03-13 16:57:13,55.7503,38.0042,35.15,94,96,10.83
666,Mouila,GA,2022-03-13 16:57:13,-1.8685,11.0559,81.73,80,80,0.69
667,Sorland,NO,2022-03-13 16:57:14,67.667,12.6934,42.66,82,76,9.24
668,Alakurtti,RU,2022-03-13 16:57:14,66.9672,30.3491,31.57,100,100,2.46
669,Burgeo,CA,2022-03-13 16:57:14,47.6167,-57.6152,24.64,84,100,37.94
670,Ouadda,CF,2022-03-13 16:57:15,8.0777,22.4007,86.58,15,82,4.56
671,Burdur,TR,2022-03-13 16:57:15,37.7203,30.2908,27.3,50,40,10.36
672,Plunge,LT,2022-03-13 16:57:16,55.9114,21.8442,36.19,75,8,4.47
673,Iracoubo,GF,2022-03-13 16:57:16,5.4802,-53.2011,79.14,87,96,9.66
674,Gravdal,NO,2022-03-13 16:57:16,68.1214,13.5031,40.89,70,0,1.14
675,Loandjili,CG,2022-03-13 16:57:17,-4.7561,11.8578,82.51,83,20,9.22
676,Lerik,AZ,2022-03-13 16:57:17,38.7726,48.4128,33.44,99,100,5.97
677,Damietta,EG,2022-03-13 16:57:17,31.4165,31.8133,51.69,55,97,14.7
678,Guia De Isora,ES,2022-03-13 16:57:18,28.2115,-16.7795,64.54,59,5,1.99
679,Bonthe,SL,2022-03-13 16:57:18,7.5264,-12.505,84.52,69,89,13.18
680,Khash,IR,2022-03-13 16:57:18,28.2211,61.2158,72.34,21,31,5.68
681,Kashi,CN,2022-03-13 16:57:19,39.4547,75.9797,60.01,21,20,6.71
682,Osypenko,UA,2022-03-13 16:57:19,46.9136,36.8253,28.47,52,28,4.74
683,Uray,RU,2022-03-13 16:57:19,60.1247,64.7758,7.43,94,100,7.34
684,Pechora,RU,2022-03-13 16:57:20,65.1472,57.2244,11.39,98,77,4.38
685,Ati,TD,2022-03-13 16:57:20,13.2154,18.3353,90.03,11,85,11.1
686,Aseri,EE,2022-03-13 16:57:20,59.4506,26.8675,31.8,85,100,9.55
687,Santa Maria Da Boa Vista,BR,2022-03-13 16:57:21,-8.8078,-39.8256,96.82,27,54,8.14
688,Achalpur,IN,2022-03-13 16:57:21,21.2572,77.5086,81.03,11,0,5.91
689,Awjilah,LY,2022-03-13 16:57:22,29.1081,21.2869,61.3,32,0,8.61
690,Kurtamysh,RU,2022-03-13 16:57:22,54.9103,64.4319,10.58,97,98,4.9
691,Petawawa,CA,2022-03-13 16:57:22,45.9001,-77.3328,22.26,62,94,4.0
692,Kupino,RU,2022-03-13 16:57:23,54.3663,77.2981,5.45,91,90,12.88
693,Saint-Georges,GD,2022-03-13 16:57:23,12.0564,-61.7485,83.88,61,98,23.02
694,Balsas,BR,2022-03-13 16:57:23,-7.5325,-46.0356,86.81,60,70,4.05
695,Yarim,YE,2022-03-13 16:57:24,14.298,44.3779,59.05,49,25,2.86
696,Oppdal,NO,2022-03-13 16:57:25,62.5943,9.6912,31.87,75,100,13.15
697,Kousseri,CM,2022-03-13 16:57:25,12.0769,15.0306,92.03,11,87,9.98
698,Chopda,IN,2022-03-13 16:57:25,21.25,75.3,86.11,14,0,3.89
699,Maragogi,BR,2022-03-13 16:58:26,-9.0122,-35.2225,85.28,64,71,10.76
700,Canapi,BR,2022-03-13 16:58:26,-9.1174,-37.6012,94.51,29,97,8.55
701,Asifabad,IN,2022-03-13 16:58:27,19.3667,79.2833,82.89,16,1,4.59
702,Quelimane,MZ,2022-03-13 16:58:27,-17.8786,36.8883,75.15,100,75,9.22
703,Jacksonville,US,2022-03-13 16:54:30,30.3322,-81.6556,57.02,58,0,12.66
704,Banda Aceh,ID,2022-03-13 16:58:27,5.5577,95.3222,79.9,81,17,2.8
705,Boende,CD,2022-03-13 16:58:28,-0.2167,20.8667,74.52,84,98,2.93
706,Scarborough,GB,2022-03-13 16:58:28,54.2797,-0.4044,52.92,76,100,5.01
707,Karpathos,GR,2022-03-13 16:58:29,35.507,27.2132,46.36,42,40,18.41
708,Mercedes,AR,2022-03-13 16:58:29,-34.6515,-59.4307,77.86,29,0,1.86
709,Viransehir,TR,2022-03-13 16:55:20,37.2353,39.7631,33.96,99,100,7.2
710,Porto Franco,BR,2022-03-13 16:58:30,-6.3383,-47.3992,86.49,65,46,4.12
711,Turukhansk,RU,2022-03-13 16:58:30,65.8167,87.9833,-13.52,99,91,6.78
712,Carauari,BR,2022-03-13 16:58:30,-4.8828,-66.8958,74.01,94,100,2.37
713,Peski,RU,2022-03-13 16:58:31,55.2163,38.7626,29.93,97,99,12.12
714,Funtua,NG,2022-03-13 16:58:31,11.5233,7.3081,90.57,11,37,12.77
715,Bela,IN,2022-03-13 16:58:31,25.9333,81.9833,74.01,21,0,3.85
716,Batticaloa,LK,2022-03-13 16:58:32,7.7102,81.6924,80.49,72,100,8.46
717,Mattru,SL,2022-03-13 16:58:32,7.6244,-11.8332,87.51,57,95,9.42
718,Dunkwa,GH,2022-03-13 16:58:33,5.9656,-1.78,90.81,49,39,2.35
719,Gao,ML,2022-03-13 16:58:33,16.6362,1.637,95.88,10,0,8.08
720,Miracema Do Tocantins,BR,2022-03-13 16:58:33,-9.5618,-48.3967,87.04,64,39,4.36
721,Yelnya,RU,2022-03-13 16:58:34,54.5786,33.1837,25.52,93,81,6.73
722,Khorixas,NA,2022-03-13 16:58:34,-20.3667,14.9667,71.71,70,100,12.33
723,Abha,SA,2022-03-13 16:58:34,18.2164,42.5053,66.02,72,0,8.05
724,Harper,LR,2022-03-13 16:58:35,4.375,-7.7169,83.19,73,100,9.51
725,Santa Rosa,PH,2022-03-13 16:55:10,14.3122,121.1114,82.38,80,65,5.68
726,Terra Santa,BR,2022-03-13 16:58:35,-2.1042,-56.4869,85.77,72,97,2.98
727,Aquidauana,BR,2022-03-13 16:58:36,-20.4711,-55.7872,76.8,89,99,7.85
728,Belyy Yar,RU,2022-03-13 16:58:36,53.6039,91.3903,6.69,61,0,6.71
729,Boromo,BF,2022-03-13 16:58:36,11.75,-2.9333,101.71,14,82,0.85
730,Tres Lagoas,BR,2022-03-13 16:58:37,-20.7511,-51.6783,73.78,91,100,1.36
731,Lgov,RU,2022-03-13 16:58:37,51.6307,35.2775,13.46,96,62,1.9
732,Baherden,TM,2022-03-13 16:58:37,38.4362,57.4316,54.66,53,29,8.5
733,Uvarovka,RU,2022-03-13 16:58:38,55.5278,35.6061,28.76,94,89,8.9
734,Molochnyy,RU,2022-03-13 16:58:38,68.8539,33.0205,30.76,69,40,8.95
735,Millerovo,RU,2022-03-13 16:58:38,48.9226,40.3967,21.85,78,36,5.39
736,Rio Cuarto,AR,2022-03-13 16:58:39,-33.1307,-64.3499,79.66,53,0,8.05
737,Mangrol,IN,2022-03-13 16:58:39,21.1167,70.1167,78.91,58,0,5.3
738,Bilma,NE,2022-03-13 16:58:40,18.6853,12.9164,78.08,6,0,9.98
739,Slantsy,RU,2022-03-13 16:58:40,59.1182,28.0914,28.08,95,95,3.09
740,Mayen,DE,2022-03-13 16:58:40,50.3333,7.2167,57.0,60,98,4.81
741,Iberia,US,2022-03-13 16:58:41,29.9502,-91.7507,52.09,32,7,7.72
742,Mlimba,TZ,2022-03-13 16:58:41,-8.8,35.8167,74.32,95,92,2.68
743,Alekseyevka,RU,2022-03-13 16:58:41,50.6309,38.6903,9.01,95,53,2.19
744,Noyabrsk,RU,2022-03-13 16:58:42,63.1994,75.4507,1.4,96,100,9.19
745,Lydenburg,ZA,2022-03-13 16:58:42,-25.0978,30.4597,69.4,77,64,2.28
746,Nova Venecia,BR,2022-03-13 16:59:36,-18.7106,-40.4006,91.4,45,33,2.95
747,Rundu,NA,2022-03-13 16:59:42,-17.9333,19.7667,71.53,75,99,2.13
748,Izhmorskiy,RU,2022-03-13 16:59:43,56.194,86.6414,-4.05,98,64,8.05
749,Itaituba,BR,2022-03-13 16:59:43,-4.2761,-55.9836,80.76,94,40,0.0
750,Kathu,TH,2022-03-13 16:59:44,7.9178,98.3332,87.69,84,100,3.96
751,Palmas De Monte Alto,BR,2022-03-13 16:59:44,-14.2672,-43.1619,95.0,29,90,2.98
752,Wawa,NG,2022-03-13 16:59:44,9.9022,4.4192,96.76,26,90,5.23
753,Grenaa,DK,2022-03-13 16:59:45,56.4158,10.8783,44.82,75,3,20.27
754,Falun,SE,2022-03-13 16:59:45,60.6036,15.626,46.81,91,47,2.62
755,Barranca,PE,2022-03-13 16:59:45,-10.75,-77.7667,74.97,73,100,6.06
756,Grong,NO,2022-03-13 16:59:46,64.4654,12.3149,27.34,83,97,4.76
757,Lins,BR,2022-03-13 16:58:13,-21.6786,-49.7425,78.84,75,100,2.06
758,Panama City,PA,2022-03-13 16:57:07,8.9936,-79.5197,91.92,58,40,6.91
759,Goundam,ML,2022-03-13 16:59:46,16.4145,-3.6708,97.21,6,4,4.18
760,Mmabatho,ZA,2022-03-13 16:59:47,-25.85,25.6333,80.56,41,20,6.91
761,Lubango,AO,2022-03-13 16:59:47,-14.9172,13.4925,60.69,97,100,4.88
762,Bojnurd,IR,2022-03-13 16:59:47,37.4747,57.329,51.75,76,0,6.91
763,Lamu,KE,2022-03-13 16:59:48,-2.2717,40.902,79.34,78,69,15.39
764,Bafilo,TG,2022-03-13 16:59:48,9.35,1.2667,93.63,21,84,1.16
765,Huambo,AO,2022-03-13 16:59:48,-12.7761,15.7392,61.54,95,100,3.24
766,Trabzon,TR,2022-03-13 16:59:49,40.9167,39.8333,32.09,75,75,4.61
767,Kanniyakumari,IN,2022-03-13 16:59:49,8.0833,77.5667,81.99,63,49,14.72
768,Axim,GH,2022-03-13 16:59:50,4.8699,-2.2405,83.44,76,60,13.31
769,Zlobin,HR,2022-03-13 16:59:50,45.2924,14.6541,42.1,46,20,6.91
770,Kang,BW,2022-03-13 16:59:51,-23.6752,22.7876,80.46,34,22,6.85
771,Rio Grande,BR,2022-03-13 16:59:51,-32.035,-52.0986,67.95,53,90,9.91
772,Gornopravdinsk,RU,2022-03-13 16:59:51,60.05,69.9,3.6,96,100,5.3
773,Angouleme,FR,2022-03-13 16:59:52,45.65,0.15,53.92,54,0,8.05
774,Llangefni,GB,2022-03-13 16:59:52,53.2556,-4.3106,51.73,71,20,19.57
775,Stornoway,GB,2022-03-13 16:59:52,58.2093,-6.3865,49.96,75,40,10.36
776,Tshane,BW,2022-03-13 16:59:53,-24.0196,21.8684,78.04,46,80,4.63
777,Khoy,IR,2022-03-13 16:59:53,38.5504,44.9535,38.68,47,80,8.55
778,Mutis,CO,2022-03-13 16:59:53,6.2262,-77.4044,84.58,68,88,5.08
779,Santa Lucia,ES,2022-03-13 16:59:54,27.9117,-15.5407,63.72,46,20,17.27
780,Nikolayevka,RU,2022-03-13 16:59:54,53.1257,47.2041,18.52,95,98,6.15
781,General Roca,AR,2022-03-13 16:59:55,-39.0333,-67.5833,82.62,26,30,12.55
782,Carbonia,IT,2022-03-13 16:59:55,39.1672,8.5222,57.85,84,82,3.8
783,Barabinsk,RU,2022-03-13 16:59:56,55.3571,78.357,1.69,93,9,10.31
784,Mirnyy,RU,2022-03-13 16:59:56,62.5353,113.9611,-1.77,77,100,4.0
785,Manicore,BR,2022-03-13 16:59:56,-5.8092,-61.3003,86.29,63,99,3.11
786,Cayambe,EC,2022-03-13 17:00:57,0.05,-78.1333,56.26,72,98,3.94
787,Teguise,ES,2022-03-13 17:00:58,29.0605,-13.564,68.22,56,75,17.27
788,Calama,CL,2022-03-13 17:00:25,-22.4667,-68.9333,72.05,28,1,18.05
789,Naron,ES,2022-03-13 17:00:58,43.5167,-8.1528,50.02,91,100,11.21
790,Trelew,AR,2022-03-13 17:00:58,-43.249,-65.3051,82.78,13,42,21.41
791,Arkhipo-Osipovka,RU,2022-03-13 17:00:59,44.37,38.52,32.36,79,64,9.69
792,Maues,BR,2022-03-13 17:00:59,-3.3836,-57.7186,87.76,68,57,1.83
793,Rudnichnyy,RU,2022-03-13 17:01:00,59.617,52.4703,15.1,97,80,3.67
794,Penzance,GB,2022-03-13 17:01:00,50.1186,-5.5371,48.34,70,100,12.41
795,Lima Duarte,BR,2022-03-13 17:01:00,-21.8425,-43.7931,77.63,80,100,1.7
796,Barentu,ER,2022-03-13 17:01:01,15.1139,37.5928,78.31,37,84,8.19
797,Ilhabela,BR,2022-03-13 17:01:01,-23.7781,-45.3581,80.13,79,100,4.5
798,Port Said,EG,2022-03-13 17:01:02,31.2565,32.2841,51.49,56,100,18.25
799,Porteirinha,BR,2022-03-13 17:01:02,-15.7433,-43.0283,91.31,38,96,1.63
800,Cururupu,BR,2022-03-13 17:01:03,-1.8283,-44.8683,86.02,64,64,5.41
801,Anamur,TR,2022-03-13 17:01:03,36.0751,32.8369,40.96,51,43,8.97
802,Kintampo,GH,2022-03-13 17:01:04,8.0563,-1.7306,91.74,32,81,5.35
803,San Miguel,SV,2022-03-13 17:01:04,13.4833,-88.1833,98.01,21,9,4.65
804,Imbituba,BR,2022-03-13 17:01:05,-28.24,-48.6703,71.82,95,100,4.76
805,Bin Qirdan,TN,2022-03-13 17:01:05,33.1378,11.2197,67.57,34,93,14.09
806,Sironko,UG,2022-03-13 17:01:05,1.2313,34.2477,79.63,27,98,4.81
807,Norrtalje,SE,2022-03-13 17:01:06,59.758,18.705,48.38,85,68,3.65
808,Stromness,GB,2022-03-13 17:01:06,58.965,-3.296,46.36,89,100,31.25
809,Waddan,LY,2022-03-13 17:01:07,29.1614,16.139,66.31,19,0,6.67
810,Borova,UA,2022-03-13 17:01:07,50.1763,30.1043,32.25,71,100,3.09
811,Codajas,BR,2022-03-13 17:01:08,-3.8367,-62.0569,86.22,69,100,1.97
812,Umtata,ZA,2022-03-13 17:01:08,-31.5889,28.7844,69.31,96,52,7.2
813,Road Town,VG,2022-03-13 17:01:08,18.4167,-64.6167,81.0,76,11,19.33
814,Huarmey,PE,2022-03-13 17:01:09,-10.0681,-78.1522,77.23,72,100,7.7
815,Balotra,IN,2022-03-13 17:01:09,25.8333,72.2333,84.2,19,1,10.92
816,Stephenville,US,2022-03-13 17:01:10,32.2207,-98.2023,58.87,17,0,13.8
817,Paracuru,BR,2022-03-13 17:01:10,-3.41,-39.0306,82.11,70,100,5.73
818,Boyabat,TR,2022-03-13 17:00:33,41.4689,34.7667,29.5,79,89,3.71
819,Havoysund,NO,2022-03-13 17:01:11,70.9963,24.6622,33.76,82,100,13.49
820,Taoudenni,ML,2022-03-13 17:01:11,22.6783,-3.9836,90.0,6,0,3.76
821,Bud,US,2022-03-13 17:01:12,39.447,-86.1758,44.55,50,64,21.27
822,Americus,US,2022-03-13 17:01:12,32.0724,-84.2327,46.53,25,0,3.44
823,Areka,ET,2022-03-13 17:01:12,7.0667,37.7,73.69,30,91,4.38
824,Santa Cruz,BO,2022-03-13 17:01:13,-17.8,-63.1667,80.49,52,90,10.65
825,Borgo San Dalmazzo,IT,2022-03-13 17:01:13,44.333,7.4858,44.49,95,97,2.21
826,Zhanaozen,KZ,2022-03-13 17:01:13,43.3,52.8,35.29,59,41,8.46
827,Irtyshskiy,RU,2022-03-13 17:01:14,58.3333,68.1333,11.23,88,98,8.84
828,Dabat,ET,2022-03-13 17:01:14,12.9842,37.765,64.09,43,100,5.39
829,Rodino,RU,2022-03-13 17:01:15,52.5,80.25,12.69,86,100,16.11
830,Rypefjord,NO,2022-03-13 17:02:15,70.6333,23.6667,37.87,75,0,4.61
831,Karkal,IN,2022-03-13 17:01:35,13.2,74.9833,84.02,72,46,2.89
832,Iquitos,PE,2022-03-13 17:02:15,-3.7481,-73.2472,81.52,86,96,1.19
833,Borovoy,RU,2022-03-13 17:02:16,55.4333,86.0833,6.08,61,0,17.9
834,Nueva Guinea,NI,2022-03-13 17:02:16,11.6876,-84.4562,85.26,55,51,14.41
835,Lapua,FI,2022-03-13 17:02:17,62.9693,23.0088,43.48,91,88,4.38
836,Faya,SA,2022-03-13 17:02:17,18.3851,42.4509,61.92,64,4,2.73
837,Aden,YE,2022-03-13 17:00:24,12.7794,45.0367,78.66,72,49,16.64
838,Puerto Cabezas,NI,2022-03-13 17:02:17,14.0351,-83.3888,85.5,63,13,11.72
839,Capreol,CA,2022-03-13 17:02:18,46.706,-80.9225,23.56,72,100,14.97
840,Maxixe,MZ,2022-03-13 17:02:18,-23.8597,35.3472,76.87,80,1,7.52
841,Misratah,LY,2022-03-13 17:02:19,32.3754,15.0925,60.04,62,34,16.04
842,Bouca,CF,2022-03-13 17:02:19,6.5105,18.2733,87.04,32,78,2.17
843,Shihezi,CN,2022-03-13 17:02:19,44.3,86.0333,47.26,74,100,7.99
844,Lasa,IT,2022-03-13 17:02:20,46.6166,10.7002,36.93,87,33,4.34
845,Wana,PK,2022-03-13 17:02:20,32.2989,69.5725,69.21,43,5,3.29
846,Phalaborwa,ZA,2022-03-13 17:00:57,-23.943,31.1411,82.09,31,2,6.85
847,Yumbe,UG,2022-03-13 17:02:20,3.4651,31.2469,79.34,44,78,7.94
848,Kwekwe,ZW,2022-03-13 17:02:21,-18.9281,29.8149,70.07,61,64,4.54
849,Conakry,GN,2022-03-13 16:58:57,9.538,-13.6773,86.07,58,20,6.91
850,Sakakah,SA,2022-03-13 17:02:21,29.9697,40.2064,60.28,30,0,6.8
851,Mazagao,BR,2022-03-13 17:02:22,-0.115,-51.2894,86.0,64,74,5.99
852,Lewisville,US,2022-03-13 17:01:48,33.0462,-96.9942,60.15,23,0,17.27
853,Namsos,NO,2022-03-13 16:58:56,64.4662,11.4957,44.65,84,100,5.12
854,Pangoa,PE,2022-03-13 17:02:22,-12.1167,-73.0,67.55,98,100,0.98
855,Muisne,EC,2022-03-13 17:02:23,0.6,-80.0333,82.04,72,66,6.33
856,Skagen,DK,2022-03-13 17:02:23,57.7209,10.5839,42.3,68,10,18.14
857,Quixada,BR,2022-03-13 17:02:24,-4.9714,-39.0153,85.24,66,64,3.18
858,Diffa,NE,2022-03-13 17:02:24,13.3154,12.6113,86.29,12,82,8.75
859,Kasongo-Lunda,CD,2022-03-13 17:02:24,-6.4667,16.8167,73.56,84,98,3.53
860,Sinjar,IQ,2022-03-13 17:02:25,36.3209,41.8754,47.12,54,81,3.04
861,Gelemso,ET,2022-03-13 17:02:25,8.8167,40.5167,69.53,31,22,6.44
862,Yara,CU,2022-03-13 17:02:25,20.2753,-76.9533,90.95,39,34,10.2
863,Benguela,AO,2022-03-13 17:02:26,-12.5763,13.4055,79.54,78,100,7.54
864,Beboto,TD,2022-03-13 17:02:26,8.2668,16.939,92.23,15,11,2.98
865,Pauini,BR,2022-03-13 17:02:27,-7.7136,-66.9764,73.85,99,100,3.11
866,Constantine,DZ,2022-03-13 17:02:27,36.365,6.6147,62.01,51,75,6.91
867,Port-Gentil,GA,2022-03-13 17:02:27,-0.7193,8.7815,82.24,73,96,5.06
868,Tsiroanomandidy,MG,2022-03-13 17:02:28,-18.7667,46.0333,72.61,74,92,2.84
869,Japura,ID,2022-03-13 17:02:28,-0.3167,102.35,76.14,92,100,1.1
870,Vadso,NO,2022-03-13 17:02:28,70.0744,29.7487,33.96,80,40,8.05
871,Sibiti,CG,2022-03-13 17:02:29,-3.6819,13.3499,72.86,89,100,1.54
872,Krikellos,GR,2022-03-13 17:02:29,38.95,21.1833,47.93,54,31,1.81
873,Talant,FR,2022-03-13 17:02:29,47.3369,5.0089,48.54,93,100,2.3
874,Plakhtiyivka,UA,2022-03-13 17:02:30,46.1006,29.7217,32.54,73,100,4.61
875,Raga,SS,2022-03-13 17:02:30,8.4596,25.678,84.15,15,100,4.63
876,Derzhavinsk,KZ,2022-03-13 17:03:30,51.1,66.3167,4.91,100,98,3.65
877,Dalgopol,BG,2022-03-13 17:03:31,43.05,27.35,37.78,74,100,4.25
878,Zharkent,KZ,2022-03-13 17:03:31,44.1628,80.0,48.67,83,100,13.31
879,Mastic Beach,US,2022-03-13 17:03:31,40.7668,-72.8521,35.42,47,0,21.0
880,Lagunas,PE,2022-03-13 17:03:32,-5.2269,-75.6753,77.27,80,100,2.35
881,Plettenberg Bay,ZA,2022-03-13 17:03:32,-34.0527,23.3716,63.75,89,100,12.39
882,Kingsport,US,2022-03-13 17:02:21,36.5484,-82.5618,34.99,50,100,8.05
883,Muzhi,RU,2022-03-13 17:03:33,65.3667,64.6667,3.43,100,96,3.65
884,Dankov,RU,2022-03-13 17:03:33,53.2515,39.1555,26.13,85,98,8.81
885,Khuzdar,PK,2022-03-13 17:03:33,27.7384,66.6434,77.0,22,1,4.76
886,Atkinson,US,2022-03-13 17:03:34,42.8384,-71.147,34.02,44,0,16.11
887,Cafarnaum,BR,2022-03-13 17:03:34,-11.6936,-41.4683,91.13,30,6,9.82
888,Dagda,LV,2022-03-13 17:03:34,56.0951,27.5372,30.18,90,25,4.36
889,Reyes,BO,2022-03-13 17:03:35,-14.3167,-67.3833,78.42,63,100,3.89
890,Upington,ZA,2022-03-13 17:03:35,-28.4478,21.2561,68.45,78,99,16.08
891,Alto Araguaia,BR,2022-03-13 17:03:35,-17.3147,-53.2153,76.08,80,100,2.33
892,Shambu,ET,2022-03-13 17:03:36,9.5667,37.1,64.17,46,67,2.04
893,Malanje,AO,2022-03-13 17:03:36,-9.5402,16.341,66.79,94,100,5.39
894,Port-Cartier,CA,2022-03-13 17:03:37,50.0334,-66.8654,17.74,73,76,20.89
895,Werda,BW,2022-03-13 17:03:37,-25.2667,23.2833,82.51,32,39,8.39
896,Sisimiut,GL,2022-03-13 17:03:37,66.9395,-53.6735,0.27,87,100,4.07
897,Gazojak,TM,2022-03-13 17:03:38,41.1875,61.4036,53.44,34,100,4.05
898,Pyatovskiy,RU,2022-03-13 17:03:38,54.6891,36.0563,30.24,92,86,5.88
899,Antofagasta,CL,2022-03-13 17:00:08,-23.65,-70.4,74.21,57,17,9.01
900,Kajaani,FI,2022-03-13 17:03:38,64.2273,27.7285,28.45,86,0,4.61
901,Nosy Varika,MG,2022-03-13 17:03:39,-20.5833,48.5333,75.61,88,100,4.83
902,Uitenhage,ZA,2022-03-13 17:03:39,-33.7576,25.3971,64.42,92,100,7.09
903,Plouzane,FR,2022-03-13 17:03:39,48.3833,-4.6167,50.32,71,20,13.8
904,Starokostyantyniv,UA,2022-03-13 17:03:40,49.7576,27.2034,31.73,66,100,4.97
905,Oistins,BB,2022-03-13 17:03:40,13.0667,-59.5333,78.98,70,68,17.81
906,Chirilagua,SV,2022-03-13 17:03:41,13.2203,-88.1386,92.89,26,8,6.31
907,Wajir,KE,2022-03-13 17:02:22,1.7471,40.0573,92.77,27,50,7.7
908,Koungou,YT,2022-03-13 17:03:41,-12.7336,45.2042,82.11,83,0,6.91
909,Ponferrada,ES,2022-03-13 16:59:52,42.5466,-6.5962,52.29,62,85,7.0
910,Llaillay,CL,2022-03-13 17:01:20,-32.85,-70.9667,91.26,21,0,6.67
911,Svetlogorsk,BY,2022-03-13 17:03:42,52.6333,29.7333,30.2,71,27,2.93
912,Qazvin,IR,2022-03-13 17:03:42,36.2797,50.0049,54.03,27,5,5.14
913,Dibulla,CO,2022-03-13 17:03:42,11.2725,-73.3091,86.92,55,93,8.19
914,Tsaratanana,MG,2022-03-13 17:03:43,-16.7833,47.65,75.31,74,99,7.16
915,Inzer,RU,2022-03-13 17:03:43,54.2167,57.5556,8.44,99,98,0.78
916,San-Pedro,CI,2022-03-13 17:03:44,4.7485,-6.6363,82.81,75,87,10.8
917,Juli,PE,2022-03-13 17:03:44,-16.2167,-69.45,50.94,58,73,8.59
918,Albany,US,2022-03-13 17:00:19,42.6001,-73.9662,31.39,50,76,1.99
919,Baesweiler,DE,2022-03-13 17:03:44,50.9096,6.1887,59.86,51,78,3.2
920,Saurimo,AO,2022-03-13 17:03:45,-9.6608,20.3916,65.55,91,100,5.26
921,Cambrai,FR,2022-03-13 17:03:45,50.1667,3.4167,51.1,92,100,13.96
922,Mantua,IT,2022-03-13 17:03:46,45.1667,10.7833,50.09,57,14,5.01
923,Madisonville,US,2022-03-13 17:01:12,37.3281,-87.4989,46.87,39,19,3.0
924,Adeje,ES,2022-03-13 17:03:46,28.1227,-16.726,68.32,61,75,6.91
925,Catamarca,AR,2022-03-13 17:04:46,-28.4696,-65.7852,71.58,50,12,7.14
926,Rio Tercero,AR,2022-03-13 17:04:47,-32.173,-64.1141,80.46,32,15,6.91
927,Kawambwa,ZM,2022-03-13 17:04:47,-9.7915,29.0791,62.13,90,100,1.68
928,Joensuu,FI,2022-03-13 17:04:47,62.6012,29.7632,33.28,87,0,1.14
929,Saint-Louis,SN,2022-03-13 17:04:48,16.3333,-15.0,99.21,4,0,8.28
930,Igrim,RU,2022-03-13 17:04:48,63.1906,64.4162,7.9,94,99,7.85
931,Umm Lajj,SA,2022-03-13 17:04:49,25.0213,37.2685,68.49,60,2,13.56
932,Salmas,IR,2022-03-13 17:04:49,38.1973,44.7653,35.28,50,51,5.57
933,Puerto El Triunfo,SV,2022-03-13 17:04:49,13.2833,-88.55,94.12,37,39,4.43
934,Itambe,BR,2022-03-13 17:01:21,-15.245,-40.6244,87.01,48,100,5.75
935,Surt,LY,2022-03-13 17:04:50,31.2089,16.5887,59.16,66,10,17.78
936,Perelyub,RU,2022-03-13 17:04:50,51.8667,50.3667,-2.09,100,59,4.21
937,Mogadishu,SO,2022-03-13 17:04:51,2.0371,45.3438,78.85,79,59,20.56
938,Chingola,ZM,2022-03-13 17:03:01,-12.529,27.8838,61.14,95,96,5.59
939,Aysha,RU,2022-03-13 17:04:51,55.8704,48.6319,19.45,97,98,6.24
940,Araioses,BR,2022-03-13 17:04:51,-2.89,-41.9031,85.98,74,20,13.8
941,Trairi,BR,2022-03-13 17:02:48,-3.2778,-39.2689,82.6,72,100,5.68
942,Morant Bay,JM,2022-03-13 17:04:52,17.8815,-76.4093,89.71,62,0,10.42
943,Cochabamba,BO,2022-03-13 17:04:52,-17.3895,-66.1568,71.35,49,40,4.61
944,Roald,NO,2022-03-13 17:04:53,62.5833,6.1333,50.14,43,0,9.22
945,Zaltan,LY,2022-03-13 17:04:53,32.947,11.8665,64.44,45,87,13.85
946,Geraldton,AU,2022-03-13 17:04:54,-28.7667,114.6,66.61,82,6,2.3
947,Thunder Bay,CA,2022-03-13 17:04:54,48.4001,-89.3168,22.28,68,94,3.0
948,Pochinki,RU,2022-03-13 17:04:54,54.6988,44.8668,25.43,94,99,12.88
949,Almetyevsk,RU,2022-03-13 17:02:30,54.9044,52.3154,11.82,95,94,7.18
950,Lundazi,ZM,2022-03-13 17:04:55,-12.2929,33.1782,65.14,97,96,5.41
951,Yurino,RU,2022-03-13 17:04:55,56.2942,46.3039,27.52,96,95,7.52
952,San Francisco,US,2022-03-13 17:00:50,37.7749,-122.4194,59.95,89,75,11.5
953,Wrzesnia,PL,2022-03-13 17:01:26,52.3251,17.5652,45.05,53,0,9.01
954,Pustoshka,RU,2022-03-13 17:04:56,56.3355,29.369,29.84,91,12,5.06
955,Balykshi,KZ,2022-03-13 17:04:56,47.0667,51.8667,19.4,86,0,6.71
956,Ambikapur,IN,2022-03-13 17:04:57,23.1167,83.2,67.01,17,0,2.48
957,Durham,US,2022-03-13 17:00:24,36.0335,-78.8664,44.1,33,0,4.61
958,Jega,NG,2022-03-13 17:04:57,12.2175,4.3792,99.37,10,100,6.29
959,Funadhoo,MV,2022-03-13 17:04:57,6.15,73.2667,83.71,70,85,5.66
960,Siparia,TT,2022-03-13 17:04:58,10.1333,-61.5,87.82,74,71,5.01
961,Kondinskoye,RU,2022-03-13 17:04:58,59.6481,67.41,-0.42,99,100,6.53
962,Guatire,VE,2022-03-13 17:04:59,10.4762,-66.5427,78.06,77,97,5.84
963,Kedrovyy,RU,2022-03-13 17:04:59,56.1667,91.8167,-10.14,99,30,4.43
964,Rodding,DK,2022-03-13 17:05:00,55.3657,9.0632,44.98,45,22,11.5
965,Nemyriv,UA,2022-03-13 17:05:00,48.9708,28.8378,29.79,77,100,6.58
966,Turtas,RU,2022-03-13 17:05:00,58.9417,69.1325,5.56,94,100,5.93
967,Copiapo,CL,2022-03-13 17:00:36,-27.3667,-70.3333,81.79,34,0,8.03
968,Umea,SE,2022-03-13 17:04:42,63.8284,20.2597,31.93,80,0,5.75
969,Guanare,VE,2022-03-13 17:05:01,9.0418,-69.7421,89.1,50,97,6.44
970,Terekli-Mekteb,RU,2022-03-13 17:06:01,44.1671,45.8698,33.85,63,100,0.58
971,Azul,AR,2022-03-13 17:06:02,-36.777,-59.8585,76.33,27,3,8.23
972,Hollola,FI,2022-03-13 17:06:02,61.05,25.4333,29.88,93,100,4.56
973,Betafo,MG,2022-03-13 17:06:03,-19.8333,46.85,60.96,96,98,5.37
974,Fortuna,US,2022-03-13 17:06:03,40.5982,-124.1573,50.94,94,75,9.22
975,Dragomiresti,RO,2022-03-13 17:06:03,44.9167,25.3333,37.85,99,71,3.94
976,Beachwood,US,2022-03-13 17:02:38,41.4645,-81.5087,25.21,76,100,21.85
977,Ahtopol,BG,2022-03-13 17:06:04,42.1,27.95,34.61,60,35,1.59
978,Altea,ES,2022-03-13 17:06:04,38.5989,-0.0514,62.78,67,100,1.99
979,Utete,TZ,2022-03-13 17:06:05,-7.986,38.758,77.11,77,66,4.81
980,Novouzensk,RU,2022-03-13 17:06:05,50.4592,48.1431,-1.88,100,32,4.85
981,Aksum,ET,2022-03-13 17:02:23,14.1245,38.7244,63.34,62,92,10.16
982,Agrinion,GR,2022-03-13 17:06:05,38.6214,21.4078,40.62,64,79,1.3
983,Ufimskiy,RU,2022-03-13 17:06:06,56.7084,58.0517,5.65,99,100,3.18
984,Boa Vista,BR,2022-03-13 17:06:06,2.8197,-60.6733,89.58,45,40,12.66
985,Inirida,CO,2022-03-13 17:06:06,3.8653,-67.9239,72.3,98,100,1.48
986,Lixourion,GR,2022-03-13 17:06:07,38.2019,20.4314,48.2,71,75,0.0
987,Tomislavgrad,BA,2022-03-13 17:06:07,43.7181,17.2267,31.06,65,0,2.48
988,Icod De Los Vinos,ES,2022-03-13 17:06:07,28.3724,-16.7119,68.77,71,33,5.19
989,Avesta,SE,2022-03-13 17:06:08,60.1455,16.1679,46.99,89,83,2.77
990,Fatehabad,IN,2022-03-13 17:06:08,29.5167,75.45,75.2,27,0,6.08
991,Segovia,ES,2022-03-13 17:06:09,41.1667,-4.0,50.43,47,91,2.17
992,Landeck,AT,2022-03-13 17:06:09,47.1301,10.5636,37.44,83,1,7.56
993,Jibuti,DJ,2022-03-13 17:06:10,11.5,42.5,73.78,65,66,16.69
994,Puerto Suarez,BO,2022-03-13 17:06:10,-18.95,-57.8,82.96,69,75,8.05
995,Kano,NG,2022-03-13 17:06:10,12.0001,8.5167,91.06,12,74,11.3
996,Kizema,RU,2022-03-13 17:06:11,61.113,44.8302,23.81,94,93,7.11
997,Carmo Do Rio Claro,BR,2022-03-13 17:06:11,-20.9719,-46.1189,75.06,76,100,2.13
998,Montevideo,UY,2022-03-13 17:06:12,-34.8335,-56.1674,71.62,64,20,11.5
999,Chimoio,MZ,2022-03-13 17:06:12,-19.1164,33.4833,69.66,100,75,1.99
1000,Masuguru,TZ,2022-03-13 17:06:12,-11.3667,38.4167,74.82,95,97,3.18
1001,Chattanooga,US,2022-03-13 17:05:07,35.0456,-85.3097,43.36,42,20,4.61
1002,Mumford,GH,2022-03-13 17:06:13,5.2618,-0.759,83.1,75,49,14.25
1003,Colon,PA,2022-03-13 17:06:13,9.3592,-79.9014,81.36,76,77,8.72
1004,Alvand,IR,2022-03-13 17:06:14,36.3187,49.1678,41.52,38,9,8.14
1005,Joshimath,IN,2022-03-13 17:06:14,30.5667,79.5667,50.4,34,0,10.65
1006,Minsk,BY,2022-03-13 17:03:50,53.9,27.5667,29.95,81,6,1.88
1007,Kattivakkam,IN,2022-03-13 17:06:14,13.2167,80.3167,83.07,79,100,5.84
1008,Vazhiny,RU,2022-03-13 17:06:15,60.9644,34.0222,33.33,100,100,3.44
1009,Ceska Skalice,CZ,2022-03-13 17:06:15,50.3947,16.0428,47.53,47,0,5.95
1010,Cubara,CO,2022-03-13 17:06:15,7.0008,-72.1085,77.07,84,100,1.83
1011,Bon Air,US,2022-03-13 17:04:54,37.5249,-77.5578,39.67,43,0,7.0
1012,Uruacu,BR,2022-03-13 17:06:16,-14.5247,-49.1408,83.95,66,81,0.07
1013,Buriti Bravo,BR,2022-03-13 17:06:16,-5.8372,-43.8336,84.65,68,99,2.8
1014,Reguengos De Monsaraz,PT,2022-03-13 17:06:17,38.4253,-7.5349,58.01,52,100,2.08
1015,Dzaoudzi,YT,2022-03-13 17:04:59,-12.7887,45.2699,82.29,83,0,6.91
1016,Shache,CN,2022-03-13 17:06:17,38.4167,77.2406,57.97,25,50,4.7
1017,Ankpa,NG,2022-03-13 17:07:18,7.3706,7.6253,93.11,31,62,1.36
1018,Bombarral,PT,2022-03-13 17:07:18,39.2672,-9.158,60.15,68,100,8.59
1019,Disna,BY,2022-03-13 17:07:18,55.568,28.1971,28.69,91,13,5.21
1020,Cumana,VE,2022-03-13 17:07:19,10.4635,-64.1775,81.16,68,97,18.41
1021,Manosque,FR,2022-03-13 17:07:19,43.8288,5.7869,42.57,74,100,15.46
1022,Niteroi,BR,2022-03-13 17:04:12,-22.8833,-43.1036,83.66,60,98,8.01
1023,Uthal,PK,2022-03-13 17:07:20,25.8072,66.6219,80.04,47,1,9.35
1024,Danilov,RU,2022-03-13 17:07:20,58.1908,40.1717,31.33,95,100,7.74
1025,Mach,PK,2022-03-13 17:07:20,29.8637,67.3298,77.68,36,30,3.49
1026,Blagoyevo,RU,2022-03-13 17:07:21,63.3667,47.9167,22.8,94,99,8.23
1027,Vaasa,FI,2022-03-13 17:07:21,63.096,21.6158,37.42,52,0,4.61
1028,Boaco,NI,2022-03-13 17:07:22,12.4722,-85.6586,89.53,31,7,17.67
1029,Dawlatabad,AF,2022-03-13 17:07:22,36.4141,64.9053,64.9,57,98,12.41
1030,Usinsk,RU,2022-03-13 17:07:22,65.9939,57.5281,17.55,95,100,7.38
1031,Osa,RU,2022-03-13 17:07:23,57.2829,55.4567,14.23,94,100,8.05
1032,Francistown,BW,2022-03-13 17:07:23,-21.17,27.5079,82.78,27,0,7.09
1033,Kastamonu,TR,2022-03-13 17:07:23,41.5,33.6667,19.74,86,84,4.74
1034,Muyezerskiy,RU,2022-03-13 17:07:24,63.9333,31.65,32.49,99,100,0.4
1035,Sangueya,GN,2022-03-13 17:07:24,10.7,-14.3667,88.23,39,81,12.39
1036,La Romana,DO,2022-03-13 17:07:24,18.4273,-68.9728,88.16,58,40,9.22
1037,Pokaran,IN,2022-03-13 17:07:25,26.9167,71.9167,87.48,16,1,5.79
1038,Bafoulabe,ML,2022-03-13 17:07:21,13.8065,-10.8321,103.15,7,7,1.54
1039,Altamira,BR,2022-03-13 17:07:25,-3.2033,-52.2064,84.63,75,90,3.38
1040,Batetskiy,RU,2022-03-13 17:07:26,58.6461,30.3027,29.61,92,19,4.88
1041,Sosua,DO,2022-03-13 17:07:26,19.7667,-70.5167,87.78,74,20,16.11
1042,Palombara Sabina,IT,2022-03-13 17:07:26,42.0667,12.768,50.68,55,5,3.56
1043,Qaracala,AZ,2022-03-13 17:07:27,39.8132,48.9523,41.25,63,100,18.07
1044,Monte Azul Paulista,BR,2022-03-13 17:03:48,-20.9072,-48.6414,76.69,78,95,2.35
1045,Magnor,SE,2022-03-13 17:07:28,59.9511,12.1996,31.71,91,98,1.68
1046,Koryazhma,RU,2022-03-13 17:07:28,61.3143,47.1691,20.14,95,100,4.59
1047,Gol,NO,2022-03-13 17:07:28,60.7014,8.9457,31.24,95,99,2.8
1048,Harriston,CA,2022-03-13 17:07:29,43.9001,-80.883,21.88,84,100,17.29
1049,Kayerkan,RU,2022-03-13 17:07:29,69.3497,87.7602,-16.29,92,95,5.73
1050,Paptalaya,HN,2022-03-13 17:07:29,15.5,-84.3167,85.73,57,14,6.96
1051,Chemin Grenier,MU,2022-03-13 17:07:30,-20.4872,57.4656,76.59,86,67,14.03
1052,Akhtanizovskaya,RU,2022-03-13 17:07:30,45.32,37.1,27.07,64,31,10.0
1053,Rotifunk,SL,2022-03-13 17:07:30,8.2333,-12.6833,87.44,55,65,11.5
1054,Kaduy,RU,2022-03-13 17:07:31,59.2,37.15,33.01,98,100,7.11
1055,Staryy Nadym,RU,2022-03-13 17:07:31,65.6118,72.6842,1.85,98,99,8.41
1056,Zabid,YE,2022-03-13 17:07:32,14.1951,43.3152,80.82,61,45,7.47
1057,Bentiu,SS,2022-03-13 17:07:32,9.2333,29.8333,92.53,14,96,3.6
1058,Szecseny,HU,2022-03-13 17:07:32,48.0806,19.5202,43.18,37,5,1.72
1059,Kharan,PK,2022-03-13 17:07:33,28.5833,65.4167,83.97,20,32,3.38
1060,Cave Spring,US,2022-03-13 17:07:33,37.2276,-80.0128,39.81,35,0,11.5
1061,Birao,CF,2022-03-13 17:07:33,10.2849,22.7882,88.43,11,24,6.44
1062,Yambio,SS,2022-03-13 17:08:34,4.5721,28.3955,78.76,56,100,1.77
1063,Yenagoa,NG,2022-03-13 17:08:34,4.9247,6.2642,80.29,83,93,4.0
1064,Betioky,MG,2022-03-13 17:07:20,-23.7167,44.3833,78.35,66,98,3.83
1065,Ciudad Bolivar,VE,2022-03-13 17:08:35,8.1222,-63.5497,88.65,46,99,10.69
1066,Kastella,GR,2022-03-13 17:08:35,38.5667,23.6333,41.99,66,59,5.08
1067,Cleveland,US,2022-03-13 17:08:35,41.4995,-81.6954,27.23,75,100,21.85
1068,Araguaina,BR,2022-03-13 17:08:36,-7.1911,-48.2072,86.85,61,52,3.65
1069,Mendi,PG,2022-03-13 17:08:36,-6.1761,143.6513,55.13,97,86,3.09
1070,Puerto Leguizamo,CO,2022-03-13 17:08:36,-0.1934,-74.7819,81.63,75,99,1.01
1071,Grasten,DK,2022-03-13 17:08:37,54.9192,9.5952,48.25,46,0,21.85
1072,Eningen,DE,2022-03-13 17:08:37,48.4869,9.2595,57.97,68,90,4.59
1073,Ajdabiya,LY,2022-03-13 17:08:37,30.7554,20.2263,57.88,50,46,5.91
1074,Aguadilla,PR,2022-03-13 17:08:38,18.4275,-67.1541,86.11,70,0,20.71
1075,Panjab,AF,2022-03-13 17:08:38,34.388,67.0233,35.49,94,98,4.83
1076,Pore,CO,2022-03-13 17:08:38,5.7272,-71.9947,91.08,43,99,11.9
1077,Angren,UZ,2022-03-13 17:08:39,41.0167,70.1436,49.6,96,100,2.08
1078,Patur,IN,2022-03-13 17:08:39,20.45,76.9333,82.65,13,0,4.56
1079,Kurchum,KZ,2022-03-13 17:08:40,48.5722,83.6542,32.2,99,96,6.15
1080,Peniche,PT,2022-03-13 17:08:40,39.3558,-9.3811,59.11,73,100,12.46
1081,Alma,CA,2022-03-13 17:05:46,48.5501,-71.6491,12.09,72,94,13.87
1082,Irati,BR,2022-03-13 17:08:40,-25.4672,-50.6511,66.33,99,100,1.54
1083,Montijo,PT,2022-03-13 17:08:41,38.7067,-8.9739,60.58,65,20,12.66
1084,Kaniama,CD,2022-03-13 17:08:41,-7.5667,24.1833,65.93,92,98,3.56
1085,Galle,LK,2022-03-13 17:08:41,6.0367,80.217,79.72,78,91,0.29
1086,Timbiras,BR,2022-03-13 17:03:55,-4.2553,-43.9406,87.08,65,52,2.66
1087,New Boston,US,2022-03-13 17:08:42,42.9762,-71.694,33.01,45,5,11.01
1088,El Alto,PE,2022-03-13 17:08:42,-4.2714,-81.2147,85.66,65,58,9.17
1089,Aquiraz,BR,2022-03-13 17:08:43,-3.9014,-38.3911,86.09,70,86,6.53
1090,Znamenskoye,RU,2022-03-13 17:08:43,57.1281,73.8282,0.27,97,8,4.72
1091,Yei,SS,2022-03-13 17:08:43,4.095,30.6779,76.46,52,85,3.56
1092,Puerto Madryn,AR,2022-03-13 17:07:24,-42.7692,-65.0385,81.68,19,31,18.66
1093,Makushino,RU,2022-03-13 17:08:44,55.2103,67.2442,12.72,86,100,10.83
1094,Oussouye,SN,2022-03-13 17:08:44,12.485,-16.5469,85.96,35,23,12.48
1095,Warri,NG,2022-03-13 17:08:45,5.5167,5.75,84.72,70,95,8.32
1096,Chornoliztsi,UA,2022-03-13 17:08:45,48.8303,24.8958,32.56,73,100,5.59
1097,Tarnos,FR,2022-03-13 17:08:45,43.5417,-1.4628,58.68,61,0,12.66
1098,Dwarahat,IN,2022-03-13 17:08:46,29.7833,79.4333,57.92,45,0,3.4
1099,Joura,IN,2022-03-13 17:08:46,26.3411,77.8115,80.28,22,0,1.7
1100,Skibbereen,IE,2022-03-13 17:08:46,51.55,-9.2667,49.1,74,56,15.12
1101,Sehithwa,BW,2022-03-13 17:08:47,-20.4667,22.7167,81.0,43,66,5.79
1102,Balkanabat,TM,2022-03-13 17:08:47,39.5108,54.3671,53.35,43,100,3.89
1103,Ziguinchor,SN,2022-03-13 17:08:47,12.5833,-16.2719,94.82,23,17,13.31
1104,Carai,BR,2022-03-13 17:08:48,-17.1889,-41.6947,84.27,46,99,4.59
1105,Gali,GE,2022-03-13 17:08:48,42.6265,41.7381,36.18,92,100,1.12
1106,La Asuncion,VE,2022-03-13 17:08:48,11.0333,-63.8628,80.71,70,98,16.64
1107,Eydhafushi,MV,2022-03-13 17:08:49,5.1033,73.0708,83.19,72,38,6.11
1108,Ceres,US,2022-03-13 17:08:49,37.5949,-120.9577,60.57,69,0,10.36
1109,Killybegs,IE,2022-03-13 17:08:50,54.6333,-8.45,47.91,85,85,18.63
1110,Ghanzi,BW,2022-03-13 17:08:50,-21.5667,21.7833,77.85,46,98,6.69
1111,Dalvik,IS,2022-03-13 17:09:50,65.9702,-18.5286,33.91,78,40,5.14
1112,Kuliyapitiya,LK,2022-03-13 17:09:51,7.4688,80.0401,78.48,72,99,6.2
1113,Matara,LK,2022-03-13 17:09:51,5.9485,80.5353,78.13,85,86,2.66
1114,Balkhash,KZ,2022-03-13 17:09:51,46.844,74.9804,38.39,80,76,11.03
1115,Ugoofaaru,MV,2022-03-13 17:09:52,5.6667,73.0,83.21,71,79,5.14
1116,Olonets,RU,2022-03-13 17:09:52,60.9847,32.9698,32.85,100,100,3.67
1117,Solone,UA,2022-03-13 17:09:52,48.2081,34.8721,26.98,79,51,4.79
1118,Horodnya,UA,2022-03-13 17:09:53,51.8909,31.5974,28.49,78,65,4.72
1119,Schkeuditz,DE,2022-03-13 17:09:53,51.4,12.2167,50.07,26,0,17.27
1120,Kabinda,CD,2022-03-13 17:09:54,-6.1333,24.4833,66.36,95,100,2.26
1121,Hartlepool,GB,2022-03-13 17:09:54,54.6861,-1.2125,55.26,62,99,17.13
1122,Santiago,CL,2022-03-13 17:06:49,-33.4569,-70.6483,90.28,26,0,9.22
1123,Sychevka,RU,2022-03-13 17:09:54,55.8252,34.2736,30.85,91,96,8.75
1124,Nara,JP,2022-03-13 17:09:55,34.6851,135.8049,61.92,72,100,7.87
1125,Jaicos,BR,2022-03-13 17:09:55,-7.3592,-41.1378,96.1,30,98,4.14
1126,Mmathubudukwane,BW,2022-03-13 17:09:55,-24.6,26.4333,80.06,35,9,3.24
1127,Salym,RU,2022-03-13 17:09:56,60.0625,71.4789,-2.92,100,100,3.85
1128,Arica,CL,2022-03-13 17:09:56,-18.475,-70.3042,83.75,53,0,11.5
1129,Floro,NO,2022-03-13 17:09:56,61.5996,5.0328,49.96,40,100,13.8
1130,Samana,DO,2022-03-13 17:09:57,19.2056,-69.3369,80.82,78,75,4.61
1131,Southbury,US,2022-03-13 17:09:57,41.4815,-73.2132,34.68,51,20,11.5
1132,Labytnangi,RU,2022-03-13 17:09:57,66.6572,66.4183,-0.54,99,93,4.14
1133,Nikolsk,RU,2022-03-13 17:09:58,53.7189,46.0712,20.53,95,98,9.62
1134,Kiruna,SE,2022-03-13 17:09:58,67.8557,20.2251,27.52,69,0,6.91
1135,Nagod,IN,2022-03-13 17:09:59,24.5667,80.6,77.59,13,0,1.19
1136,Karlstad,SE,2022-03-13 17:09:59,59.3793,13.5036,45.16,31,17,3.44
1137,Pizarro,CO,2022-03-13 17:09:59,4.9533,-77.366,82.47,75,79,4.76
1138,Oranjemund,NA,2022-03-13 17:10:00,-28.55,16.4333,63.7,82,39,21.99
1139,Plast,RU,2022-03-13 17:10:00,54.3691,60.8136,-9.08,100,46,3.87
1140,Coihueco,CL,2022-03-13 17:10:01,-36.6167,-71.8333,83.14,30,0,10.36
1141,Sidrolandia,BR,2022-03-13 17:10:02,-20.9319,-54.9614,70.48,96,100,5.64
1142,Kodinar,IN,2022-03-13 17:10:02,20.7903,70.7031,79.93,45,0,11.05
1143,Boden,SE,2022-03-13 17:10:03,65.8252,21.6886,24.8,98,92,1.86
1144,Kabompo,ZM,2022-03-13 17:10:04,-13.5927,24.2008,66.56,91,100,2.84
1145,Bosaso,SO,2022-03-13 17:10:05,11.2842,49.1816,77.56,80,26,7.2
1146,Tessalit,ML,2022-03-13 17:10:05,20.1986,1.0114,91.72,5,0,9.82
1147,Neuquen,AR,2022-03-13 17:07:01,-38.9516,-68.0591,75.09,53,0,4.61
1148,Villa Carlos Paz,AR,2022-03-13 17:10:06,-31.4241,-64.4978,81.05,37,94,1.99
1149,Garowe,SO,2022-03-13 17:10:06,8.4054,48.4845,77.31,49,42,22.68
1150,Weston,US,2022-03-13 17:10:07,26.1004,-80.3998,75.22,55,75,19.57
1151,Sayyan,YE,2022-03-13 17:10:07,15.1718,44.3244,62.76,21,7,3.56
1152,Nhamunda,BR,2022-03-13 17:10:07,-2.1861,-56.7131,85.77,73,89,2.84
1153,Torit,SS,2022-03-13 17:10:08,4.4133,32.5678,86.72,32,88,1.83
1154,Bhander,IN,2022-03-13 17:10:08,25.7333,78.75,79.95,20,0,2.8
1155,Esil,KZ,2022-03-13 17:10:09,51.9556,66.4042,5.36,99,93,3.27
1156,Behbahan,IR,2022-03-13 17:07:18,30.5959,50.2417,72.79,42,100,5.01
1157,Mahanje,TZ,2022-03-13 17:10:09,-9.9333,35.3333,67.39,95,97,1.43
1158,San Ignacio,BZ,2022-03-13 17:11:10,17.1561,-89.0714,72.23,91,100,3.18
1159,Cassilandia,BR,2022-03-13 17:11:10,-19.1133,-51.7342,75.97,78,100,3.85
1160,Kourou,GF,2022-03-13 17:11:10,5.1552,-52.6478,75.25,85,99,9.04
1161,Zverinogolovskoye,RU,2022-03-13 17:11:11,54.4586,64.8542,10.35,97,100,4.56
1162,Bam,IR,2022-03-13 17:11:11,29.106,58.357,80.1,18,44,5.5
1163,Schattdorf,CH,2022-03-13 17:11:12,46.8655,8.6547,58.39,81,19,11.36
1164,Svarstad,NO,2022-03-13 17:11:12,59.399,9.9698,43.16,39,100,1.01
1165,Toledo,ES,2022-03-13 17:09:50,39.8333,-4.0,58.32,45,96,6.42
1166,Villazon,BO,2022-03-13 17:11:13,-22.0866,-65.5942,57.36,47,69,9.01
1167,Sesimbra,PT,2022-03-13 17:11:13,38.4445,-9.1015,60.31,62,100,7.92
1168,Srikakulam,IN,2022-03-13 17:11:14,18.3,83.9,76.75,65,100,2.73
1169,Berberati,CF,2022-03-13 17:11:14,4.2612,15.7922,84.47,40,12,4.07
1170,Londa,IN,2022-03-13 17:11:14,15.4691,74.5191,78.98,42,78,3.06
1171,Birecik,TR,2022-03-13 17:11:15,37.0294,37.9903,34.81,99,100,8.79
1172,Urumqi,CN,2022-03-13 17:11:15,43.801,87.6005,47.35,71,0,4.47
1173,Adre,TD,2022-03-13 17:11:15,13.4667,22.2,86.63,13,57,8.34
1174,Zaozerne,UA,2022-03-13 17:11:16,45.1582,33.2787,33.26,58,61,5.08
1175,Gharo,PK,2022-03-13 17:11:16,24.7424,67.5856,79.02,42,1,10.98
1176,Sao Gabriel Da Cachoeira,BR,2022-03-13 17:11:17,-0.1303,-67.0892,84.11,69,100,2.08
1177,Bejar,ES,2022-03-13 17:11:18,40.3864,-5.7634,51.58,61,100,7.36
1178,Methoni,GR,2022-03-13 17:11:18,36.8197,21.7049,48.06,53,30,4.74
1179,Padre Bernardo,BR,2022-03-13 17:11:18,-15.35,-48.5,85.46,52,67,4.12
1180,Santa Rosa De Cabal,CO,2022-03-13 17:07:01,4.8681,-75.6214,71.06,70,89,3.18
1181,Trenton,US,2022-03-13 17:11:19,40.217,-74.7429,34.09,50,26,10.0
1182,Cookeville,US,2022-03-13 17:08:40,36.1628,-85.5016,41.58,44,0,13.8
1183,Vestmanna,FO,2022-03-13 17:11:19,62.1564,-7.1664,43.72,93,75,19.57
1184,Sarany,RU,2022-03-13 17:11:20,58.5,58.8833,3.52,98,100,1.79
1185,Pocao De Pedras,BR,2022-03-13 17:11:16,-4.6667,-44.85,85.64,72,64,3.36
1186,Batouri,CM,2022-03-13 17:11:20,4.4333,14.3667,85.37,39,39,1.23
1187,Niamtougou,TG,2022-03-13 17:11:21,9.7681,1.1053,98.98,17,76,4.41
1188,Ilabaya,PE,2022-03-13 17:11:21,-17.4208,-70.5133,73.47,64,55,11.18
1189,Corinto,GR,2022-03-13 17:11:22,37.9407,22.9573,44.89,63,8,4.7
1190,Corralillo,CU,2022-03-13 17:11:22,22.9819,-80.5856,72.88,70,98,21.09
1191,Bandar-E Anzali,IR,2022-03-13 17:11:22,37.4727,49.4622,48.31,86,100,7.11
1192,Gombe,NG,2022-03-13 17:09:59,10.2897,11.1673,91.0,12,98,6.11
1193,Lerwick,GB,2022-03-13 17:11:23,60.1545,-1.1494,46.4,90,100,29.19
1194,Pilani,IN,2022-03-13 17:11:23,28.3684,75.6041,81.21,24,0,5.1
1195,Urengoy,RU,2022-03-13 17:11:23,65.9667,78.3667,-6.99,100,83,6.44
1196,Santa Vitoria Do Palmar,BR,2022-03-13 17:11:24,-33.5189,-53.3681,72.95,47,84,7.74
1197,Owo,NG,2022-03-13 17:11:24,7.1962,5.5868,89.11,46,12,3.91
1198,Bristol,US,2022-03-13 17:08:36,41.8334,-71.1662,36.25,41,0,11.99
1199,Kadnikov,RU,2022-03-13 17:11:25,59.5022,40.338,29.66,86,100,8.77
1200,Abu Samrah,SY,2022-03-13 17:11:25,35.3029,37.1841,38.3,96,100,7.65
1201,Keti Bandar,PK,2022-03-13 17:11:26,24.1447,67.4497,78.39,65,0,9.98
1202,Belozerskoye,RU,2022-03-13 17:11:26,55.8214,65.5842,10.99,95,99,5.37
1203,Montegranaro,IT,2022-03-13 17:12:27,43.2355,13.631,46.76,58,0,9.84
1204,Maham,IN,2022-03-13 17:12:27,28.9833,76.3,75.65,31,0,7.16
1205,Chissamba,AO,2022-03-13 17:12:28,-12.1667,17.3333,65.86,91,100,5.21
1206,Qasigiannguit,GL,2022-03-13 17:12:28,68.8193,-51.1922,5.25,89,62,4.05
1207,Esna,EG,2022-03-13 17:12:28,25.2934,32.554,65.95,20,0,18.21
1208,Sohag,EG,2022-03-13 17:12:29,26.557,31.6948,60.85,30,0,19.51
1209,San Andres,CO,2022-03-13 17:12:29,12.5847,-81.7006,84.22,74,40,12.66
1210,Savannah Bight,HN,2022-03-13 17:12:29,16.45,-85.85,79.61,74,11,11.41
1211,Bani,DO,2022-03-13 17:12:30,18.2833,-70.3333,80.85,66,100,13.31
1212,Khor,RU,2022-03-13 17:12:30,47.8861,134.9464,11.1,99,87,3.29
1213,Japoata,BR,2022-03-13 17:12:31,-10.3467,-36.8011,89.17,50,90,11.01
1214,Envira,BR,2022-03-13 17:12:31,-7.3,-70.2167,78.21,90,99,1.52
1215,Turbat,PK,2022-03-13 17:12:32,26.0023,63.044,82.53,34,4,5.23
1216,Tarabuco,BO,2022-03-13 17:12:32,-19.1667,-64.9167,52.68,66,96,5.32
1217,Buchanan,LR,2022-03-13 17:12:32,5.8808,-10.0467,83.93,68,68,7.09
1218,Araguari,BR,2022-03-13 17:08:09,-18.6472,-48.1872,74.3,77,100,3.47
1219,Yeysk,RU,2022-03-13 17:12:33,46.6989,38.2792,31.24,49,62,9.98
1220,Rodrigues Alves,BR,2022-03-13 17:12:33,-7.738,-72.6509,74.73,95,100,1.5
1221,Antalaha,MG,2022-03-13 17:12:34,-14.9003,50.2788,76.59,82,100,7.16
1222,Kankaanpaa,FI,2022-03-13 17:12:34,61.8,22.4167,34.56,92,83,4.14
1223,Suluq,LY,2022-03-13 17:12:34,31.6682,20.2521,55.51,61,95,14.65
1224,Sao Paulo De Olivenca,BR,2022-03-13 17:11:21,-3.3783,-68.8725,74.03,96,100,2.1
1225,Manyana,BW,2022-03-13 17:11:23,-23.4,21.7167,79.61,42,82,8.77
1226,Notse,TG,2022-03-13 17:12:35,6.95,1.1667,91.51,45,75,12.93
1227,Khirkiya,IN,2022-03-13 17:12:35,22.1674,76.8605,81.25,13,0,4.32
1228,Biu,NG,2022-03-13 17:12:36,10.6129,12.1946,88.54,13,99,9.08
1229,Melilla,ES,2022-03-13 17:12:36,35.2937,-2.9383,61.18,72,20,4.61
1230,Kabo,CF,2022-03-13 17:12:37,7.6994,18.629,90.55,27,88,5.08
1231,Mendoza,AR,2022-03-13 17:09:17,-32.8908,-68.8272,76.53,47,0,5.75
1232,Lyubech,UA,2022-03-13 17:12:37,51.7026,30.6569,29.34,73,74,4.65
1233,Ankazoabo,MG,2022-03-13 17:12:38,-22.2833,44.5167,77.74,63,98,6.89
1234,Dzerzhinsk,RU,2022-03-13 17:12:38,56.2389,43.4631,30.02,92,100,4.47
1235,Calvinia,ZA,2022-03-13 17:12:39,-31.4707,19.776,59.88,72,38,16.26
1236,Kovdor,RU,2022-03-13 17:12:39,67.5662,30.4758,31.5,98,100,3.33
1237,Port Antonio,JM,2022-03-13 17:12:39,18.18,-76.4612,90.0,60,0,5.59
1238,Iglesias,IT,2022-03-13 17:12:40,39.3114,8.535,55.78,86,86,3.71
1239,Putina,PE,2022-03-13 17:12:40,-15.4667,-69.4333,48.52,68,94,3.65
1240,Huanuco,PE,2022-03-13 17:12:41,-9.9329,-76.2415,62.67,90,100,0.69
1241,Straumen,NO,2022-03-13 17:12:41,63.8709,11.2999,48.2,83,100,3.38
1242,Reo,BF,2022-03-13 17:12:41,12.3167,-2.4667,101.08,10,87,2.62
1243,Dalhousie,IN,2022-03-13 17:12:42,32.5333,75.9833,53.02,48,2,7.11
1244,Coruripe,BR,2022-03-13 17:12:42,-10.1256,-36.1756,86.36,59,95,10.98
1245,Murgab,TM,2022-03-13 17:12:43,37.4966,61.9714,58.93,62,100,9.84
1246,Shadegan,IR,2022-03-13 17:12:43,30.6497,48.6647,66.15,21,62,8.7
1247,Lebanon,US,2022-03-13 17:12:44,36.2081,-86.2911,44.65,42,0,14.97
1248,Bako,ET,2022-03-13 17:12:44,5.7833,36.5667,75.25,35,98,2.15
1249,Colquechaca,BO,2022-03-13 17:12:44,-18.6667,-66.0167,40.6,60,81,6.29
1250,Lisakovsk,KZ,2022-03-13 17:12:45,52.5369,62.4936,-3.75,100,93,6.11
1251,Port Victoria,KE,2022-03-13 17:12:45,0.0939,33.9756,76.06,68,100,12.01
1252,Malindi,KE,2022-03-13 17:13:46,-3.2175,40.1191,79.11,80,81,13.58
1253,Kariba,ZW,2022-03-13 17:13:46,-16.5167,28.8,75.67,70,33,2.42
1254,Saveh,IR,2022-03-13 17:13:46,35.0213,50.3566,62.31,36,0,15.64
1255,San Lorenzo,PY,2022-03-13 17:13:47,-25.3333,-57.5333,83.34,45,20,11.5
1256,Zapolyarnyy,RU,2022-03-13 17:13:47,69.4154,30.8136,31.28,97,100,5.28
1257,Attur,IN,2022-03-13 17:13:48,11.6,78.6167,74.95,61,100,3.91
1258,Clacton-On-Sea,GB,2022-03-13 17:13:48,51.7897,1.156,49.33,89,100,7.0
1259,Tuymazy,RU,2022-03-13 17:13:48,54.6067,53.7097,7.29,97,100,4.97
1260,Tabuk,PH,2022-03-13 17:13:49,17.4189,121.4443,72.52,93,37,3.67
1261,Zilupe,LV,2022-03-13 17:13:49,56.3862,28.1217,30.07,91,18,4.72
1262,Verin,ES,2022-03-13 17:13:49,41.9415,-7.4381,48.27,86,100,5.73
1263,Parana,AR,2022-03-13 17:13:50,-31.732,-60.5238,80.55,45,24,4.72
1264,Dalbandin,PK,2022-03-13 17:13:50,28.8947,64.4101,82.87,19,82,3.15
1265,Chalon-Sur-Saone,FR,2022-03-13 17:13:51,46.7833,4.85,49.98,93,100,10.4
1266,Campo Verde,BR,2022-03-13 17:13:51,-20.4167,-54.0667,77.59,80,98,3.15
1267,Madimba,TZ,2022-03-13 17:13:51,-10.4,40.3333,79.63,77,71,5.28
1268,Moroto,UG,2022-03-13 17:13:52,2.5345,34.6666,79.14,32,55,13.67
1269,Veraval,IN,2022-03-13 17:13:52,20.9,70.3667,78.76,60,0,7.4
1270,Shawville,CA,2022-03-13 17:13:53,45.6001,-76.4827,23.77,71,98,11.3
1271,Lodwar,KE,2022-03-13 17:13:53,3.1191,35.5973,92.62,25,99,8.21
1272,Novyy Starodub,UA,2022-03-13 17:13:53,48.5158,33.1733,30.67,69,100,4.36
1273,Mangan,IN,2022-03-13 17:13:54,27.5167,88.5333,66.04,39,39,7.2
1274,Hurghada,EG,2022-03-13 17:13:54,27.2574,33.8129,60.28,42,0,25.81
1275,Arauca,CO,2022-03-13 17:10:46,7.0847,-70.7591,88.48,53,94,5.26
1276,Cap-Aux-Meules,CA,2022-03-13 17:13:55,47.3821,-61.8597,19.45,73,75,32.21
1277,Zorritos,PE,2022-03-13 17:13:55,-3.6805,-80.6782,88.09,64,67,8.7
1278,Zholymbet,KZ,2022-03-13 17:13:55,51.7433,71.7122,11.37,95,100,9.51
1279,Bardiyah,LY,2022-03-13 17:13:56,31.7561,25.0865,49.98,58,52,11.97
1280,Jabinyanah,TN,2022-03-13 17:13:56,35.035,10.9081,60.12,69,81,8.32
1281,Point Fortin,TT,2022-03-13 17:13:57,10.1833,-61.6833,87.89,68,66,11.07
1282,Farkhor,TJ,2022-03-13 17:13:57,37.4922,69.4036,60.53,90,100,0.2
1283,Bubaque,GW,2022-03-13 17:13:29,11.2833,-15.8333,75.99,74,54,14.16
1284,Sandviken,SE,2022-03-13 17:13:58,60.6167,16.7667,31.33,89,84,4.14
1285,Yako,BF,2022-03-13 17:13:58,12.9667,-2.2667,100.72,10,100,2.48
1286,Sao Lourenco Do Sul,BR,2022-03-13 17:13:59,-31.3653,-51.9783,67.89,74,100,5.93
1287,Miandrivazo,MG,2022-03-13 17:13:59,-19.5167,45.4667,82.62,69,98,0.58
1288,Manaus,BR,2022-03-13 17:13:59,-3.1019,-60.025,88.3,70,75,11.5
1289,Effingham,US,2022-03-13 17:14:00,32.3669,-81.3332,52.86,29,0,3.38
1290,Ouallam,NE,2022-03-13 17:14:02,14.3188,2.0866,99.68,10,7,8.12
1291,Aksarka,RU,2022-03-13 17:14:02,66.5606,67.7975,-1.17,100,90,2.68
1292,Donskoye,RU,2022-03-13 17:14:02,45.4552,41.9741,30.33,74,96,6.85
1293,Traverse City,US,2022-03-13 17:14:03,44.7631,-85.6206,29.73,76,100,8.05
1294,Statesboro,US,2022-03-13 17:10:42,32.4488,-81.7832,47.73,23,0,0.0
1295,Fethiye,TR,2022-03-13 17:14:03,36.6217,29.1164,44.47,41,1,8.86
1296,Grand Baie,MU,2022-03-13 17:14:04,-20.0182,57.5802,78.46,87,30,7.0
1297,Bidhuna,IN,2022-03-13 17:15:04,26.8022,79.5088,75.65,28,0,3.13
1298,Chiredzi,ZW,2022-03-13 17:15:05,-21.05,31.6667,78.76,53,73,3.15
1299,Kibray,UZ,2022-03-13 17:15:06,41.3873,69.4641,48.72,88,100,1.97
1300,Ustye,RU,2022-03-13 17:15:07,59.6304,39.736,30.38,86,100,8.68
1301,Jalalabad,AF,2022-03-13 17:14:02,34.4265,70.4515,75.49,36,73,0.54
1302,Cairo,EG,2022-03-13 17:12:44,30.0626,31.2497,52.56,53,75,14.97
1303,Barra Do Garcas,BR,2022-03-13 17:15:07,-15.89,-52.2567,87.67,59,83,2.28
1304,La Palma,US,2022-03-13 17:15:08,33.8464,-118.0467,66.25,71,75,6.91
1305,Charagua,BO,2022-03-13 17:11:15,-19.8,-63.2167,71.17,53,100,7.34
1306,Balsta,SE,2022-03-13 17:15:09,59.5671,17.5278,44.53,71,66,5.7
1307,Santa Marta,CO,2022-03-13 17:14:21,11.2408,-74.199,83.1,66,100,11.74
1308,Biala Podlaska,PL,2022-03-13 17:15:09,52.0324,23.1165,34.38,72,9,6.91
1309,Peto,MX,2022-03-13 17:15:10,20.1333,-88.9167,75.25,56,81,5.3
1310,Tazmalt,DZ,2022-03-13 17:15:10,36.3868,4.3989,56.84,78,100,4.14
1311,Xai-Xai,MZ,2022-03-13 17:15:11,-25.0519,33.6442,77.59,77,0,10.11
1312,Arvi,IN,2022-03-13 17:15:11,20.9833,78.2333,83.16,13,0,7.76
1313,Dindori,IN,2022-03-13 17:13:12,22.95,81.0833,70.41,12,0,2.19
1314,Monroe,US,2022-03-13 17:12:36,43.1501,-77.6831,28.9,54,75,18.41
1315,Holiday,US,2022-03-13 17:15:12,28.1878,-82.7395,62.15,52,1,5.01
1316,Torbat-E Jam,IR,2022-03-13 17:15:12,35.244,60.6225,64.69,57,100,5.44
1317,Lozuvatka,UA,2022-03-13 17:10:27,48.0571,33.2858,30.92,61,47,5.46
1318,Riviera Beach,US,2022-03-13 17:15:13,26.7753,-80.0581,73.45,57,75,18.41
1319,Wattegama,LK,2022-03-13 17:15:13,6.7989,81.4808,74.93,83,96,4.76
1320,Kaka,TM,2022-03-13 17:15:14,37.3482,59.6143,56.19,65,96,6.85
1321,Mehran,IR,2022-03-13 17:15:14,33.1222,46.1646,61.27,26,0,11.48
1322,Avanigadda,IN,2022-03-13 17:15:14,16.0215,80.9181,77.85,68,98,3.18
1323,Ereymentau,KZ,2022-03-13 17:15:15,51.6199,73.1033,10.85,95,100,8.46
1324,Bucak,TR,2022-03-13 17:15:15,37.4592,30.595,28.92,56,52,6.58
1325,Bomet,KE,2022-03-13 17:15:16,-0.7813,35.3416,64.09,56,92,1.81
1326,Krasnyy Oktyabr,RU,2022-03-13 17:15:16,56.1167,38.8833,32.7,98,100,9.13
1327,Delijan,IR,2022-03-13 17:15:16,33.9905,50.6838,58.08,44,56,4.88
1328,Uglegorskiy,RU,2022-03-13 17:15:17,48.2427,41.2531,21.49,70,51,6.49
1329,San Juan De La Maguana,DO,2022-03-13 17:15:11,18.8059,-71.2299,83.35,55,100,4.88
1330,Jodiya,IN,2022-03-13 17:15:17,22.6925,70.306,83.07,40,0,7.63
1331,Colombo,LK,2022-03-13 17:15:18,6.9319,79.8478,80.56,78,95,5.08
1332,Outjo,NA,2022-03-13 17:15:18,-20.1167,16.15,72.54,68,98,7.09
1333,Langarud,IR,2022-03-13 17:15:19,37.197,50.1535,48.25,88,100,5.46
1334,Atyrau,KZ,2022-03-13 17:15:19,47.1167,51.8833,19.42,86,0,6.71
1335,Xacmaz,AZ,2022-03-13 17:15:19,41.4635,48.806,34.38,89,100,6.26
1336,Teyateyaneng,LS,2022-03-13 17:15:20,-29.1472,27.7489,65.93,61,76,4.05
