City_ID,City,Country,Lat,Lon,Max Temp,Humidity,Cloudiness,Wind Speed,Date
0,Taltal,CL,-25.4,-70.4833,69.75,71,24,6.87,2022-03-13 19:45:13
1,Kristiinankaupunki,FI,62.2743,21.376,26.42,91,48,5.35,2022-03-13 19:45:14
2,Lethem,GY,3.3803,-59.7968,92.19,43,100,9.01,2022-03-13 19:45:14
3,Hermanus,ZA,-34.4187,19.2345,60.8,61,100,15.28,2022-03-13 19:43:30
4,Hambantota,LK,6.1241,81.1185,77.67,80,75,9.44,2022-03-13 19:45:15
5,Paamiut,GL,61.994,-49.6678,14.47,85,100,18.23,2022-03-13 19:45:15
6,Chuy,UY,-33.6971,-53.4616,69.58,55,4,9.08,2022-03-13 19:45:15
7,Port Elizabeth,ZA,-33.918,25.5701,64.69,94,75,16.11,2022-03-13 19:45:16
8,Busselton,AU,-33.65,115.3333,63.68,88,11,7.99,2022-03-13 19:45:16
9,Qaanaaq,GL,77.484,-69.3632,-9.02,92,100,5.7,2022-03-13 19:45:16
10,Ushuaia,AR,-54.8,-68.3,44.26,70,40,37.98,2022-03-13 19:41:32
11,Mar Del Plata,AR,-38.0023,-57.5575,69.82,81,0,11.5,2022-03-13 19:34:53
12,Bredasdorp,ZA,-34.5322,20.0403,61.92,59,100,12.66,2022-03-13 19:45:17
13,Semnan,IR,35.5729,53.3971,58.84,33,0,2.3,2022-03-13 19:45:17
14,Ribeira Grande,PT,38.5167,-28.7,57.6,54,40,4.61,2022-03-13 19:45:18
15,Tutoia,BR,-2.7619,-42.2744,80.91,79,99,8.63,2022-03-13 19:45:18
16,Arraial Do Cabo,BR,-22.9661,-42.0278,87.76,65,0,17.27,2022-03-13 19:45:19
17,Marawi,PH,7.9986,124.2928,68.95,94,98,2.08,2022-03-13 19:45:19
18,Bruiu,RO,45.8747,24.7009,26.98,62,7,3.0,2022-03-13 19:45:19
19,Jamestown,US,42.097,-79.2353,25.02,65,100,13.8,2022-03-13 19:42:43
20,Laguna,US,38.421,-121.4238,66.18,48,75,10.36,2022-03-13 19:42:26
21,Manta,EC,-0.95,-80.7333,85.78,70,20,9.22,2022-03-13 19:45:20
22,Pedernales,DO,18.0384,-71.744,82.65,69,89,5.64,2022-03-13 19:45:20
23,Demba,CD,-5.51,22.2667,67.59,93,100,0.81,2022-03-13 19:45:21
24,Victoria,HK,22.2855,114.1577,72.32,90,37,5.01,2022-03-13 19:44:47
25,Clyde River,CA,70.4692,-68.5914,-18.17,69,0,3.44,2022-03-13 19:45:21
26,Kedrovyy,RU,56.1667,91.8167,-15.14,100,65,4.03,2022-03-13 19:45:22
27,Castro,BR,-24.7911,-50.0119,66.72,95,100,3.67,2022-03-13 19:45:22
28,Stilfontein,ZA,-26.8449,26.7683,69.6,54,38,5.99,2022-03-13 19:45:22
29,Touros,BR,-5.1989,-35.4608,82.06,71,86,9.22,2022-03-13 19:45:23
30,Hithadhoo,MV,-0.6,73.0833,83.03,71,95,5.53,2022-03-13 19:45:23
31,Laela,TZ,-8.5667,32.05,59.27,91,100,3.71,2022-03-13 19:45:24
32,Lagoa,PT,39.05,-27.9833,55.33,58,72,14.16,2022-03-13 19:45:24
33,Port Alfred,ZA,-33.5906,26.891,68.11,91,100,10.85,2022-03-13 19:44:10
34,Marrakesh,MA,31.6315,-8.0083,66.27,55,40,12.66,2022-03-13 19:45:25
35,Upernavik,GL,72.7868,-56.1549,-10.89,97,62,8.88,2022-03-13 19:45:25
36,Bubaque,GW,11.2833,-15.8333,75.83,77,100,15.03,2022-03-13 19:45:25
37,Narsaq,GL,60.9167,-46.05,32.22,51,100,30.42,2022-03-13 19:44:54
38,Georgetown,MY,5.4112,100.3354,80.53,93,20,6.91,2022-03-13 19:44:03
39,Mahanje,TZ,-9.9333,35.3333,65.3,96,100,2.19,2022-03-13 19:45:26
40,Kulhudhuffushi,MV,6.6221,73.07,82.2,71,93,3.22,2022-03-13 19:38:40
41,Rocha,UY,-34.4833,-54.3333,69.28,60,10,11.27,2022-03-13 19:45:27
42,Vila Velha,BR,-20.3297,-40.2925,85.95,74,40,14.97,2022-03-13 19:38:37
43,Kolokani,ML,13.5728,-8.0339,84.99,12,22,9.26,2022-03-13 19:45:27
44,Saint-Ambroise,CA,48.5501,-71.3324,15.58,57,100,14.97,2022-03-13 19:46:27
45,Luderitz,NA,-26.6481,15.1594,65.91,74,0,25.57,2022-03-13 19:46:28
46,Urubamba,PE,-13.3047,-72.1158,59.9,86,100,5.77,2022-03-13 19:46:28
47,Cape Town,ZA,-33.9258,18.4232,63.01,61,75,14.97,2022-03-13 19:41:19
48,Namibe,AO,-15.1961,12.1522,73.49,74,100,7.47,2022-03-13 19:46:29
49,Tasiilaq,GL,65.6145,-37.6368,30.36,80,100,20.29,2022-03-13 19:46:29
50,Japura,ID,-0.3167,102.35,73.72,99,96,1.9,2022-03-13 19:46:30
51,Saldanha,ZA,-33.0117,17.9442,59.05,67,100,20.96,2022-03-13 19:44:50
52,Klaksvik,FO,62.2266,-6.589,45.52,93,100,19.48,2022-03-13 19:46:30
53,Sokoni,TZ,-6.4333,39.55,80.46,76,100,10.94,2022-03-13 19:46:30
54,Mahebourg,MU,-20.4081,57.7,79.25,89,40,12.66,2022-03-13 19:46:31
55,Aksu,CN,41.1231,80.2644,54.77,28,100,0.83,2022-03-13 19:46:31
56,Comodoro Rivadavia,AR,-45.8667,-67.5,80.46,18,0,17.27,2022-03-13 19:46:31
57,Mangrol,IN,21.1167,70.1167,78.66,49,0,9.35,2022-03-13 19:46:32
58,Ostrovnoy,RU,68.0531,39.5131,26.85,87,100,3.8,2022-03-13 19:46:32
59,Margate,GB,51.3813,1.3862,47.3,92,100,10.92,2022-03-13 19:44:57
60,Odienne,CI,9.51,-7.5692,88.7,24,57,2.15,2022-03-13 19:46:33
61,Kavaratti,IN,10.5669,72.642,82.53,73,20,6.42,2022-03-13 19:39:48
62,Vila Franca Do Campo,PT,37.7167,-25.4333,57.2,62,100,17.16,2022-03-13 19:44:51
63,Beira,MZ,-19.8436,34.8389,78.89,89,40,3.44,2022-03-13 19:46:33
64,Saint-Philippe,RE,-21.3585,55.7679,78.39,89,69,14.2,2022-03-13 19:46:34
65,Upington,ZA,-28.4478,21.2561,68.38,88,100,3.44,2022-03-13 19:46:34
66,Mtwara,TZ,-10.2667,40.1833,79.05,80,94,4.5,2022-03-13 19:46:35
67,Bonavista,CA,48.6499,-53.1147,31.14,67,13,36.46,2022-03-13 19:46:35
68,Ust-Ishim,RU,57.6935,71.1665,-1.01,95,81,4.99,2022-03-13 19:46:35
69,Mecca,SA,21.4267,39.8261,71.85,59,4,6.53,2022-03-13 19:38:46
70,Saint Anthony,US,45.0205,-93.218,42.85,55,20,14.97,2022-03-13 19:46:36
71,Cidreira,BR,-30.1811,-50.2056,68.25,91,100,13.6,2022-03-13 19:46:36
72,Sao Filipe,CV,14.8961,-24.4956,73.22,66,5,13.31,2022-03-13 19:46:36
73,Baran,IN,25.1,76.5167,78.4,26,0,5.97,2022-03-13 19:46:37
74,Oranjestad,AW,12.524,-70.027,80.55,78,20,23.02,2022-03-13 19:43:13
75,Boralday,KZ,43.3578,76.8594,48.06,71,100,11.18,2022-03-13 19:46:37
76,Skibbereen,IE,51.55,-9.2667,46.11,76,7,8.97,2022-03-13 19:38:41
77,Porto Novo,BJ,6.4965,2.6036,82.9,75,30,9.73,2022-03-13 19:46:38
78,Mananjary,MG,-21.2167,48.3333,75.22,89,97,5.39,2022-03-13 19:46:38
79,Sivas,TR,39.7916,37.0019,16.43,79,75,18.41,2022-03-13 19:46:38
80,Krasnoselkup,RU,65.7,82.4667,-9.76,100,88,7.52,2022-03-13 19:46:39
81,Carnarvon,AU,-24.8667,113.6333,73.47,78,0,17.27,2022-03-13 19:39:51
82,Yarmouth,US,41.7057,-70.2286,37.96,38,0,16.11,2022-03-13 19:46:39
83,Punta Arenas,CL,-53.15,-70.9167,50.11,53,40,31.07,2022-03-13 19:45:41
84,Taoudenni,ML,22.6783,-3.9836,78.91,9,0,3.18,2022-03-13 19:46:40
85,Peyima,SL,8.7,-11.0333,80.13,63,98,6.62,2022-03-13 19:46:40
86,Novyy Urengoy,RU,66.0833,76.6333,-12.26,100,100,4.99,2022-03-13 19:42:22
87,General Roca,AR,-39.0333,-67.5833,84.61,19,0,11.83,2022-03-13 19:46:41
88,Mulchen,CL,-37.7167,-72.2333,87.66,16,0,10.0,2022-03-13 19:46:41
89,Hamilton,US,39.1834,-84.5333,50.61,44,40,18.41,2022-03-13 19:42:18
90,Harrai,IN,22.6167,79.2167,73.09,14,0,2.51,2022-03-13 19:46:42
91,Svetlyy,RU,54.675,20.1347,34.97,77,6,8.1,2022-03-13 19:46:42
92,Gidole,ET,5.65,37.3667,70.03,32,88,1.1,2022-03-13 19:47:42
93,Longyearbyen,SJ,78.2186,15.6401,24.64,86,0,6.91,2022-03-13 19:47:43
94,Maniitsoq,GL,65.4167,-52.9,2.26,87,100,11.45,2022-03-13 19:47:43
95,Hofn,IS,64.2539,-15.2082,36.52,62,100,11.36,2022-03-13 19:47:43
96,Lev Tolstoy,RU,53.2134,39.446,24.26,89,100,10.02,2022-03-13 19:47:44
97,Amalapuram,IN,16.5833,82.0167,71.98,74,100,2.26,2022-03-13 19:47:44
98,Cairo,EG,30.0626,31.2497,51.04,53,40,11.5,2022-03-13 19:45:47
99,Anuradhapura,LK,8.3565,80.4173,72.9,85,100,4.0,2022-03-13 19:47:45
100,Sinnamary,GF,5.3833,-52.95,77.09,91,100,12.39,2022-03-13 19:47:45
101,Richards Bay,ZA,-28.783,32.0377,77.47,81,0,12.37,2022-03-13 19:47:45
102,Sabattus,US,44.1198,-70.1076,33.51,43,0,14.97,2022-03-13 19:47:46
103,Grindavik,IS,63.8424,-22.4338,36.07,80,0,14.97,2022-03-13 19:47:46
104,Acarau,BR,-2.8856,-40.12,81.3,77,98,8.5,2022-03-13 19:47:46
105,Chapais,CA,49.7834,-74.8492,8.38,76,100,9.91,2022-03-13 19:47:47
106,Dingle,PH,10.9995,122.6711,76.53,91,31,5.26,2022-03-13 19:47:47
107,Geraldton,AU,-28.7667,114.6,63.01,82,3,4.61,2022-03-13 19:47:48
108,Leshukonskoye,RU,64.8989,45.7622,20.32,94,100,6.8,2022-03-13 19:47:48
109,Nizwa,OM,22.9333,57.5333,76.59,27,4,4.88,2022-03-13 19:47:48
110,Zimnicea,RO,43.6667,25.3667,34.54,58,16,3.89,2022-03-13 19:47:49
111,Caravelas,BR,-17.7125,-39.2481,81.25,72,100,6.93,2022-03-13 19:47:49
112,Freetown,SL,8.484,-13.2299,77.4,88,87,11.03,2022-03-13 19:47:50
113,Tazovskiy,RU,67.4667,78.7,-16.06,100,97,6.82,2022-03-13 19:43:40
114,General Pico,AR,-35.6566,-63.7568,81.97,33,38,4.0,2022-03-13 19:47:50
115,Ponta Do Sol,PT,32.6667,-17.1,63.01,60,25,17.87,2022-03-13 19:38:40
116,East London,ZA,-33.0153,27.9116,69.31,91,99,3.11,2022-03-13 19:42:59
117,Outjo,NA,-20.1167,16.15,67.1,86,100,2.75,2022-03-13 19:47:51
118,Shahr-E Babak,IR,30.1165,55.1186,59.56,33,28,2.89,2022-03-13 19:47:51
119,General Elizardo Aquino,PY,-24.4333,-56.7,86.18,36,2,7.61,2022-03-13 19:47:52
120,Nanortalik,GL,60.1432,-45.2371,28.29,67,100,45.72,2022-03-13 19:47:52
121,Civitanova Marche,IT,43.307,13.7206,45.18,64,0,9.01,2022-03-13 19:47:53
122,Jalu,LY,29.0331,21.5482,58.39,39,1,6.93,2022-03-13 19:47:53
123,Ancud,CL,-41.8697,-73.8203,68.23,60,53,5.86,2022-03-13 19:43:45
124,Iqaluit,CA,63.7506,-68.5145,-16.31,62,75,6.91,2022-03-13 19:47:53
125,Kisangani,CD,0.5167,25.2,73.96,78,100,0.94,2022-03-13 19:38:44
126,Tromso,NO,69.6496,18.957,35.62,80,0,4.61,2022-03-13 19:47:54
127,Port Hawkesbury,CA,45.6169,-61.3485,26.87,63,40,32.21,2022-03-13 19:47:54
128,Redcliffe,AU,-27.2307,153.0973,67.89,88,20,9.22,2022-03-13 19:47:55
129,Vestmannaeyjar,IS,63.4427,-20.2734,40.39,59,27,13.71,2022-03-13 19:38:38
130,Coromandel,BR,-18.4733,-47.2003,70.45,86,96,1.99,2022-03-13 19:47:55
131,San Andres,CO,12.5847,-81.7006,84.22,70,40,16.11,2022-03-13 19:45:13
132,Quatre Cocos,MU,-20.2078,57.7625,79.09,85,90,15.73,2022-03-13 19:47:56
133,Oktyabrskoye,RU,43.0645,44.7417,21.34,92,100,6.71,2022-03-13 19:47:56
134,Havelock,US,34.8791,-76.9013,45.99,42,0,5.01,2022-03-13 19:45:02
135,Camacha,PT,33.0833,-16.3333,58.42,67,40,19.57,2022-03-13 19:47:57
136,Montepuez,MZ,-13.1256,38.9997,71.11,97,100,3.78,2022-03-13 19:48:57
137,Tessalit,ML,20.1986,1.0114,79.07,8,0,8.01,2022-03-13 19:48:57
138,Bluffton,US,32.2371,-80.8604,55.02,35,0,8.05,2022-03-13 19:47:54
139,Santa Vitoria Do Palmar,BR,-33.5189,-53.3681,69.84,57,17,8.77,2022-03-13 19:48:58
140,Murgab,TM,37.4966,61.9714,53.47,94,100,4.61,2022-03-13 19:48:58
141,Nuuk,GL,64.1835,-51.7216,9.21,78,75,21.85,2022-03-13 19:48:59
142,Buzdyak,RU,54.5833,54.55,5.65,96,100,5.39,2022-03-13 19:48:59
143,Havre-Saint-Pierre,CA,50.2334,-63.5986,19.4,53,75,31.07,2022-03-13 19:48:59
144,Coxim,BR,-18.5067,-54.76,81.99,77,89,4.32,2022-03-13 19:49:00
145,Cayenne,GF,4.9333,-52.3333,75.24,1,0,6.91,2022-03-13 19:49:00
146,Lebu,CL,-37.6167,-73.65,63.73,62,3,20.6,2022-03-13 19:46:08
147,Torbay,CA,47.6666,-52.7314,34.57,87,100,37.98,2022-03-13 19:45:25
148,Valavanur,IN,11.9209,79.5824,73.67,79,79,5.39,2022-03-13 19:49:01
149,Kangaatsiaq,GL,68.3065,-53.4641,1.36,94,100,4.09,2022-03-13 19:49:01
150,Vestmanna,FO,62.1564,-7.1664,43.72,93,100,18.41,2022-03-13 19:49:01
151,Carballo,ES,43.213,-8.691,47.86,91,100,4.99,2022-03-13 19:49:02
152,Yeovil,GB,50.9416,-2.6321,46.94,91,75,4.61,2022-03-13 19:49:02
153,Tonj,SS,7.2737,28.6822,87.01,32,100,5.26,2022-03-13 19:49:03
154,Ratnagiri,IN,16.9833,73.3,81.81,53,51,4.79,2022-03-13 19:45:17
155,Mana,GF,5.6592,-53.7767,77.67,91,100,11.12,2022-03-13 19:49:03
156,Gat,IL,31.61,34.7642,48.88,100,99,6.93,2022-03-13 19:49:03
157,Arlit,NE,18.7369,7.3853,73.94,8,0,14.45,2022-03-13 19:49:04
158,Riohacha,CO,11.5444,-72.9072,85.66,60,81,17.09,2022-03-13 19:49:04
159,Dawlatabad,AF,36.4141,64.9053,60.26,75,100,3.94,2022-03-13 19:49:05
160,Methoni,GR,36.8197,21.7049,46.26,58,57,4.88,2022-03-13 19:49:05
161,Kutum,SD,14.2,24.6667,72.37,15,7,12.06,2022-03-13 19:49:05
162,Murtino,MK,41.4153,22.7267,35.73,59,95,1.79,2022-03-13 19:49:06
163,Tampere,FI,61.4991,23.7871,28.71,80,0,2.3,2022-03-13 19:49:06
164,Opuwo,NA,-18.0607,13.84,66.83,84,100,7.4,2022-03-13 19:49:07
165,Bathsheba,BB,13.2167,-59.5167,79.38,67,98,19.22,2022-03-13 19:49:07
166,Canavieiras,BR,-15.675,-38.9472,85.96,71,57,7.96,2022-03-13 19:49:07
167,Kruisfontein,ZA,-34.0033,24.7314,61.88,89,100,15.46,2022-03-13 19:49:08
168,Alfafar,ES,39.4167,-0.3833,59.99,83,75,6.91,2022-03-13 19:49:08
169,Berlevag,NO,70.8578,29.0864,33.75,86,0,17.27,2022-03-13 19:49:08
170,Turukhansk,RU,65.8167,87.9833,-17.82,100,76,5.99,2022-03-13 19:49:09
171,Santa Cruz,BO,-17.8,-63.1667,84.25,51,75,13.8,2022-03-13 19:49:09
172,Roald,NO,62.5833,6.1333,48.34,40,75,4.61,2022-03-13 19:49:10
173,Pisco,PE,-13.7,-76.2167,78.85,69,0,9.22,2022-03-13 19:49:10
174,Masvingo,ZW,-20.0637,30.8277,65.03,79,1,6.08,2022-03-13 19:49:10
175,Kaputa,ZM,-8.4689,29.6619,66.83,88,100,2.53,2022-03-13 19:49:11
176,Sao Pedro Da Aldeia,BR,-22.8392,-42.1028,87.89,51,20,17.27,2022-03-13 19:49:11
177,San Cristobal,VE,7.7669,-72.225,77.18,84,94,3.13,2022-03-13 19:49:12
178,Virginia Beach,US,36.8529,-75.978,45.05,36,0,14.97,2022-03-13 19:46:18
179,Visnes,NO,59.3556,5.2242,48.25,31,75,24.16,2022-03-13 19:49:12
180,Sao Joao Da Barra,BR,-21.6403,-41.0511,86.09,81,2,14.34,2022-03-13 19:50:12
181,Bandarbeyla,SO,9.4942,50.8122,77.65,73,56,13.0,2022-03-13 19:50:13
182,Sur,OM,22.5667,59.5289,79.66,42,6,10.18,2022-03-13 19:50:13
183,Trapani,IT,37.8333,12.6667,52.23,87,20,16.11,2022-03-13 19:50:14
184,Salalah,OM,17.0151,54.0924,77.09,78,0,2.3,2022-03-13 19:46:07
185,Bambous Virieux,MU,-20.3428,57.7575,79.21,89,40,12.66,2022-03-13 19:50:14
186,Souillac,MU,-20.5167,57.5167,79.18,89,40,12.66,2022-03-13 19:50:15
187,North Myrtle Beach,US,33.816,-78.68,51.35,37,0,8.05,2022-03-13 19:50:15
188,Luanda,AO,-8.8368,13.2343,80.22,74,100,6.53,2022-03-13 19:48:02
189,Porosozero,RU,62.7191,32.727,30.6,98,100,1.72,2022-03-13 19:50:15
190,Nouadhibou,MR,20.931,-17.0347,66.18,77,48,21.85,2022-03-13 19:50:16
191,Kindu,CD,-2.95,25.95,71.01,90,100,2.93,2022-03-13 19:50:16
192,Kokologo,BF,12.1897,-1.8856,89.28,11,17,9.15,2022-03-13 19:50:16
193,Sortland,NO,68.6949,15.4162,35.56,74,100,6.04,2022-03-13 19:50:17
194,Nacala,MZ,-14.5428,40.6728,78.53,85,100,5.53,2022-03-13 19:50:17
195,Nokaneng,BW,-19.6667,22.2667,74.17,61,45,5.1,2022-03-13 19:50:18
196,Santa Maria Da Boa Vista,BR,-8.8078,-39.8256,95.99,26,64,5.37,2022-03-13 19:47:15
197,Novonikolayevskiy,RU,50.9738,42.3649,1.94,98,46,6.51,2022-03-13 19:50:18
198,Grand Gaube,MU,-20.0064,57.6608,79.38,85,56,7.0,2022-03-13 19:50:18
199,Sidi Ali,DZ,36.0998,0.4206,56.12,72,100,6.08,2022-03-13 19:50:19
200,Yar-Sale,RU,66.8333,70.8333,-1.26,100,99,5.82,2022-03-13 19:50:19
201,Dikson,RU,73.5069,80.5464,-5.73,98,100,16.26,2022-03-13 19:50:20
202,Funtua,NG,11.5233,7.3081,76.82,17,100,11.18,2022-03-13 19:50:20
203,Harper,LR,4.375,-7.7169,80.62,83,87,9.04,2022-03-13 19:50:20
204,Puerto Leguizamo,CO,-0.1934,-74.7819,83.16,80,97,2.98,2022-03-13 19:50:21
205,Lavumisa,SZ,-27.31,31.892,70.41,91,0,3.33,2022-03-13 19:50:21
206,Santiago Del Estero,AR,-27.7951,-64.2615,79.88,46,15,5.3,2022-03-13 19:50:21
207,Peterhead,GB,57.5058,-1.7981,45.0,94,100,28.95,2022-03-13 19:50:22
208,Toktogul,KG,41.8708,72.9402,45.57,97,100,3.36,2022-03-13 19:50:22
209,Gornoye Loo,RU,43.7129,39.6049,31.78,78,51,5.99,2022-03-13 19:50:22
210,Clonakilty,IE,51.6231,-8.8706,43.81,79,8,8.77,2022-03-13 19:50:23
211,Kavos,GR,38.8268,22.8322,40.21,74,48,2.08,2022-03-13 19:50:23
212,Mayor Pablo Lagerenza,PY,-19.9309,-60.7718,76.82,51,100,5.03,2022-03-13 19:50:23
213,Raudeberg,NO,61.9875,5.1352,44.87,69,100,8.48,2022-03-13 19:50:24
214,Alekseyevka,RU,50.6309,38.6903,5.83,98,83,3.96,2022-03-13 19:50:24
215,Abu Kamal,SY,34.4506,40.9171,49.03,63,99,14.63,2022-03-13 19:50:25
216,Usinsk,RU,65.9939,57.5281,3.58,99,48,6.62,2022-03-13 19:50:25
217,Watsa,CD,3.0372,29.5355,64.35,93,94,2.53,2022-03-13 19:50:25
218,Salgueiro,BR,-8.0742,-39.1192,88.43,41,72,9.86,2022-03-13 19:50:26
219,Robertson,US,36.5167,-86.8667,54.05,40,0,17.27,2022-03-13 19:50:26
220,Catamarca,AR,-28.4696,-65.7852,75.78,63,36,5.99,2022-03-13 19:46:29
221,Turayf,SA,31.6725,38.6637,46.65,46,0,9.22,2022-03-13 19:50:27
222,Trincomalee,LK,8.5711,81.2335,81.03,70,100,11.59,2022-03-13 19:50:27
223,Pitea,SE,65.3172,21.4794,23.09,97,100,3.27,2022-03-13 19:50:27
224,Uribia,CO,11.7139,-72.266,92.77,34,45,20.38,2022-03-13 19:50:28
225,Port Shepstone,ZA,-30.7414,30.455,77.18,89,53,2.3,2022-03-13 19:50:28
226,Bud,US,39.447,-86.1758,52.93,45,0,18.57,2022-03-13 19:50:28
227,Adrar,MR,20.5022,-10.0711,74.98,9,0,8.7,2022-03-13 19:50:29
228,Aksehir,TR,38.3575,31.4164,13.32,70,8,1.9,2022-03-13 19:51:29
229,Bollnas,SE,61.3482,16.3946,28.92,90,76,3.33,2022-03-13 19:51:29
230,Tabuk,PH,17.4189,121.4443,71.2,94,22,2.73,2022-03-13 19:51:30
231,Goldap,PL,54.3063,22.3036,31.82,79,4,6.4,2022-03-13 19:51:30
232,Oranjemund,NA,-28.55,16.4333,63.72,73,100,20.74,2022-03-13 19:51:31
233,Progreso,MX,21.2833,-89.6667,76.1,65,100,16.64,2022-03-13 19:51:15
234,Ciudad Bolivar,VE,8.1222,-63.5497,89.69,42,99,10.92,2022-03-13 19:51:31
235,Sambava,MG,-14.2667,50.1667,76.55,83,100,10.2,2022-03-13 19:51:31
236,Valparaiso,CL,-33.0393,-71.6273,66.43,73,0,11.5,2022-03-13 19:47:44
237,Ikom,NG,5.9667,8.7063,82.35,62,100,2.21,2022-03-13 19:51:32
238,Tupanatinga,BR,-8.7533,-37.3397,87.53,29,75,10.92,2022-03-13 19:51:32
239,Madimba,TZ,-10.4,40.3333,78.39,81,77,4.36,2022-03-13 19:51:33
240,Pinega,RU,64.7001,43.3936,23.72,90,99,9.13,2022-03-13 19:51:33
241,Mocuba,MZ,-16.8392,36.9856,71.71,99,100,3.27,2022-03-13 19:51:33
242,Hobyo,SO,5.3505,48.5268,78.96,74,78,17.38,2022-03-13 19:51:34
243,Loucovice,CZ,48.6202,14.2575,38.28,61,0,3.98,2022-03-13 19:51:34
244,Indergarh,IN,26.9352,79.6724,71.02,34,0,1.14,2022-03-13 19:51:34
245,Bilma,NE,18.6853,12.9164,71.13,9,0,10.4,2022-03-13 19:51:35
246,Kemijarvi,FI,66.7131,27.4306,32.04,90,100,6.55,2022-03-13 19:51:35
247,Izmalkovo,RU,52.6887,37.964,24.19,89,100,8.23,2022-03-13 19:51:35
248,Vorukh,TJ,39.8494,70.5838,47.68,78,100,4.99,2022-03-13 19:51:36
249,Cabedelo,BR,-6.9811,-34.8339,84.87,74,94,10.27,2022-03-13 19:51:36
250,Thompson,CA,55.7435,-97.8558,15.96,62,100,14.97,2022-03-13 19:51:37
251,Tahoua,NE,14.8888,5.2692,80.87,13,16,11.23,2022-03-13 19:51:37
252,Kukmor,RU,56.1855,50.8944,13.91,97,100,5.53,2022-03-13 19:51:37
253,Srivardhan,IN,18.0333,73.0167,81.52,42,0,6.53,2022-03-13 19:51:38
254,Belyy Yar,RU,53.6039,91.3903,6.69,57,0,8.95,2022-03-13 19:51:38
255,Bodden Town,KY,19.2833,-81.25,84.99,63,20,13.8,2022-03-13 19:51:38
256,Marsa Matruh,EG,31.3525,27.2453,49.93,56,96,13.47,2022-03-13 19:51:39
257,Kargasok,RU,59.0556,80.8572,-16.55,100,98,1.5,2022-03-13 19:51:39
258,Swakopmund,NA,-22.6833,14.5333,68.85,87,100,8.99,2022-03-13 19:51:39
259,Goderich,CA,43.7501,-81.7165,27.91,80,100,18.41,2022-03-13 19:51:40
260,Meulaboh,ID,4.1363,96.1285,76.82,90,20,4.34,2022-03-13 19:51:40
261,Ambilobe,MG,-13.2,49.05,74.05,95,100,1.23,2022-03-13 19:51:40
262,Iskateley,RU,67.6803,53.1512,-2.42,100,70,5.14,2022-03-13 19:51:41
263,Ilulissat,GL,69.2167,-51.1,0.45,85,100,3.76,2022-03-13 19:51:41
264,Portree,GB,57.4129,-6.1942,47.52,80,51,14.47,2022-03-13 19:51:42
265,Tiznit,MA,29.5833,-9.5,53.73,86,17,5.48,2022-03-13 19:51:31
266,Carupano,VE,10.6678,-63.2585,80.47,68,100,13.09,2022-03-13 19:51:42
267,Santa Fe,AR,-31.6333,-60.7,82.0,32,9,4.0,2022-03-13 19:47:41
268,Key West,US,24.5557,-81.7826,77.0,58,40,19.57,2022-03-13 19:47:53
269,Benghazi,LY,32.1167,20.0667,54.54,63,88,18.34,2022-03-13 19:48:05
270,Gulbene,LV,57.1777,26.7529,27.39,91,92,3.69,2022-03-13 19:51:43
271,Antalaha,MG,-14.9003,50.2788,74.25,83,100,5.46,2022-03-13 19:51:43
272,Tiebissou,CI,7.1574,-5.2257,84.29,58,70,8.9,2022-03-13 19:51:44
273,Esmeraldas,BR,-19.7625,-44.3139,87.91,82,100,3.31,2022-03-13 19:51:44
274,Ballina,AU,-28.8667,153.5667,64.36,96,40,5.75,2022-03-13 19:51:44
275,Saint-Leu,RE,-21.15,55.2833,77.86,80,76,2.53,2022-03-13 19:52:45
276,Necochea,AR,-38.5473,-58.7368,67.75,64,5,10.51,2022-03-13 19:52:45
277,Astana,KZ,51.1801,71.446,17.55,86,100,8.95,2022-03-13 19:52:13
278,Staryy Nadym,RU,65.6118,72.6842,-2.36,100,100,7.2,2022-03-13 19:52:46
279,Manicore,BR,-5.8092,-61.3003,82.96,85,100,1.95,2022-03-13 19:52:46
280,Mandiana,GN,10.6333,-8.6833,88.38,14,73,0.45,2022-03-13 19:52:46
281,Mul,IN,20.0667,79.6667,77.16,18,18,4.18,2022-03-13 19:52:47
282,Itaqui,BR,-29.1253,-56.5531,78.64,42,1,11.99,2022-03-13 19:50:23
283,Saint George,US,37.1041,-113.5841,66.63,25,0,3.44,2022-03-13 19:49:31
284,Camacupa,AO,-12.0167,17.4833,61.63,97,78,4.12,2022-03-13 19:52:47
285,Ugoofaaru,MV,5.6667,73.0,82.65,70,71,3.29,2022-03-13 19:52:48
286,Inyonga,TZ,-6.7167,32.0667,64.22,94,100,3.49,2022-03-13 19:52:48
287,Teguldet,RU,57.3064,88.1667,-10.21,100,35,4.25,2022-03-13 19:52:49
288,Cozumel,MX,20.5083,-86.9458,75.94,81,100,8.99,2022-03-13 19:52:49
289,Khagaria,IN,25.5,86.4833,70.65,29,0,6.89,2022-03-13 19:52:49
290,Rosetta,EG,31.4044,30.4164,48.76,57,8,15.03,2022-03-13 19:52:50
291,Dinguiraye,GN,11.3,-10.7167,87.46,15,100,2.42,2022-03-13 19:52:50
292,Birao,CF,10.2849,22.7882,80.96,14,57,6.91,2022-03-13 19:52:51
293,Gualeguay,AR,-33.1416,-59.3097,75.6,40,0,3.87,2022-03-13 19:52:51
294,Kaminskiy,RU,57.1516,41.4732,31.03,94,100,10.47,2022-03-13 19:52:51
295,Nelidovo,RU,56.2211,32.7774,27.12,96,97,4.72,2022-03-13 19:52:52
296,Pasni,PK,25.2631,63.471,76.86,69,5,8.81,2022-03-13 19:52:52
297,Pleshanovo,RU,52.8333,53.4833,-3.8,100,100,3.87,2022-03-13 19:52:52
298,Ormara,PK,25.2088,64.6357,76.82,71,4,10.47,2022-03-13 19:52:53
299,Wad Madani,SD,14.4012,33.5199,84.78,16,12,14.72,2022-03-13 19:52:53
300,Sosnovka,RU,56.255,51.2842,15.35,96,100,4.94,2022-03-13 19:52:53
301,Qaqortoq,GL,60.7167,-46.0333,28.27,60,100,17.07,2022-03-13 19:52:54
302,Saint Pete Beach,US,27.7253,-82.7412,71.11,48,0,10.36,2022-03-13 19:52:54
303,Mao,ES,39.8885,4.2658,55.96,94,20,6.91,2022-03-13 19:52:55
304,Monki,PL,53.405,22.7979,28.67,78,1,5.77,2022-03-13 19:52:55
305,Altay,CN,47.8667,88.1167,34.07,99,100,3.53,2022-03-13 19:52:55
306,Barranca,PE,-10.75,-77.7667,74.82,73,100,7.25,2022-03-13 19:52:56
307,Madras,IN,13.0878,80.2785,80.96,82,20,0.0,2022-03-13 19:50:12
308,Ravar,IR,31.2656,56.8055,68.38,30,35,1.72,2022-03-13 19:52:56
309,Banepa,NP,27.6298,85.5214,57.52,77,20,3.44,2022-03-13 19:52:56
310,Carora,VE,10.1755,-70.0827,87.26,44,100,13.18,2022-03-13 19:52:57
311,Marsh Harbour,BS,26.5412,-77.0636,69.1,57,84,18.32,2022-03-13 19:52:57
312,Killybegs,IE,54.6333,-8.45,46.11,89,90,22.24,2022-03-13 19:52:58
313,Boende,CD,-0.2167,20.8667,72.66,87,92,1.9,2022-03-13 19:52:58
314,Fraga,ES,41.5229,0.3489,53.53,58,100,5.28,2022-03-13 19:52:58
315,Grand Baie,MU,-20.0182,57.5802,79.45,85,50,7.0,2022-03-13 19:52:59
316,El Tigre,VE,8.8875,-64.2454,86.99,40,96,12.06,2022-03-13 19:52:59
317,Beloha,MG,-25.1667,45.05,74.71,77,100,10.51,2022-03-13 19:53:00
318,Ondangwa,NA,-17.9167,15.95,68.0,100,100,4.61,2022-03-13 19:53:00
319,Walvis Bay,NA,-22.9575,14.5053,68.95,73,68,8.05,2022-03-13 19:53:20
320,Umea,SE,63.8284,20.2597,27.91,93,0,0.0,2022-03-13 19:52:28
321,Snina,SK,48.9886,22.151,35.35,53,3,3.44,2022-03-13 19:54:01
322,Karpathos,GR,35.507,27.2132,46.36,42,8,9.22,2022-03-13 19:54:01
323,Kupino,RU,54.3663,77.2981,1.08,94,9,10.49,2022-03-13 19:54:01
324,Conselheiro Pena,BR,-19.1722,-41.4722,85.28,72,77,2.17,2022-03-13 19:54:02
325,Sawakin,SD,19.1059,37.3321,72.68,69,55,12.64,2022-03-13 19:54:02
326,Dale,US,38.1689,-86.99,54.95,40,0,14.97,2022-03-13 19:54:02
327,Trairi,BR,-3.2778,-39.2689,79.84,81,100,5.46,2022-03-13 19:49:22
328,Makat,KZ,47.6469,53.3463,25.47,61,40,6.04,2022-03-13 19:54:03
329,Karksi-Nuia,EE,58.1033,25.5628,26.78,86,89,4.25,2022-03-13 19:54:03
330,Gasa,PS,31.5,34.4667,47.88,57,97,10.04,2022-03-13 19:49:14
331,Bonga,ET,7.2833,36.2333,59.81,95,86,2.35,2022-03-13 19:54:04
332,Kurchum,KZ,48.5722,83.6542,33.35,99,100,8.99,2022-03-13 19:54:04
333,Olafsvik,IS,64.8945,-23.7142,38.91,64,49,24.38,2022-03-13 19:54:04
334,Birjand,IR,32.8663,59.2211,64.87,39,100,13.8,2022-03-13 19:54:05
335,Alibag,IN,18.6411,72.8792,86.07,43,0,8.01,2022-03-13 19:54:05
336,Garowe,SO,8.4054,48.4845,72.16,65,98,14.76,2022-03-13 19:54:05
337,Pitimbu,BR,-7.4706,-34.8086,84.79,73,100,9.91,2022-03-13 19:54:06
338,Barra Patuca,HN,15.8,-84.2833,82.6,67,10,11.12,2022-03-13 19:54:06
339,Alappuzha,IN,9.49,76.3264,79.79,76,64,2.44,2022-03-13 19:54:06
340,Pryamitsyno,RU,51.6561,35.9314,21.74,98,46,3.65,2022-03-13 19:54:07
341,Burriana,ES,39.889,-0.085,57.7,73,100,4.29,2022-03-13 19:54:07
342,Cabras,IT,39.93,8.5314,52.65,92,100,5.91,2022-03-13 19:54:08
343,Limoeiro Do Ajuru,BR,-1.8953,-49.3806,81.91,78,83,8.19,2022-03-13 19:54:08
344,Kudahuvadhoo,MV,2.6708,72.8944,83.07,70,71,7.74,2022-03-13 19:54:08
345,Recas,RO,45.7989,21.5008,38.82,47,0,5.75,2022-03-13 19:54:09
346,Ciudad Real,ES,39.0,-4.0,53.15,72,100,4.0,2022-03-13 19:54:09
347,Arica,CL,-18.475,-70.3042,83.75,60,0,13.8,2022-03-13 19:49:32
348,Ponta Delgada,PT,37.7333,-25.6667,57.51,58,20,11.5,2022-03-13 19:54:10
349,Melbu,NO,68.5044,14.8297,35.42,87,0,6.91,2022-03-13 19:54:10
350,Montepulciano,IT,43.1017,11.7868,43.59,69,9,2.01,2022-03-13 19:54:11
351,Pangnirtung,CA,66.1451,-65.7125,-18.4,57,0,0.0,2022-03-13 19:51:20
352,Korla,CN,41.7597,86.1469,53.94,31,77,7.05,2022-03-13 19:54:11
353,Zandvoort,NL,52.3749,4.5341,56.95,59,0,9.22,2022-03-13 19:54:11
354,Vysha,RU,53.8477,42.3777,25.81,96,100,9.93,2022-03-13 19:54:12
355,Plettenberg Bay,ZA,-34.0527,23.3716,62.28,89,100,13.2,2022-03-13 19:54:12
356,Delijan,IR,33.9905,50.6838,55.6,51,1,3.74,2022-03-13 19:54:13
357,Roros,NO,62.5747,11.3842,31.84,43,100,4.61,2022-03-13 19:54:13
358,San Luis,AR,-33.295,-66.3356,79.23,31,0,5.57,2022-03-13 19:50:16
359,La Ferte-Bernard,FR,48.1863,0.6536,44.22,93,68,8.99,2022-03-13 19:54:14
360,Tekeli,KZ,44.83,78.8239,37.9,97,100,5.77,2022-03-13 19:54:14
361,Atoka,US,34.4001,-96.0169,60.31,29,48,16.64,2022-03-13 19:54:14
362,Teya,RU,60.3778,92.6267,-22.76,100,84,1.03,2022-03-13 19:54:15
363,Orbetello,IT,42.4408,11.2196,48.22,87,99,10.36,2022-03-13 19:54:15
364,Krasnoye-Na-Volge,RU,57.5125,41.2419,30.4,93,100,10.13,2022-03-13 19:55:15
365,Maracacume,BR,-2.0428,-45.9592,78.84,92,88,5.7,2022-03-13 19:55:16
366,Warri,NG,5.5167,5.75,79.36,87,62,4.54,2022-03-13 19:55:16
367,Westport,US,41.1415,-73.3579,37.27,46,99,15.01,2022-03-13 19:55:16
368,Aljezur,PT,37.3191,-8.8033,52.7,71,100,4.14,2022-03-13 19:55:17
369,Mendi,PG,-6.1761,143.6513,53.92,97,80,3.33,2022-03-13 19:55:17
370,Laguna De Perlas,NI,12.3429,-83.6712,84.29,73,14,14.5,2022-03-13 19:55:17
371,Longido,TZ,-2.7333,36.6833,73.02,48,100,11.92,2022-03-13 19:55:18
372,Luangwa,ZM,-15.6167,30.4167,72.18,85,98,1.1,2022-03-13 19:55:18
373,Karasburg,NA,-28.0167,18.75,64.36,52,51,17.47,2022-03-13 19:55:19
374,Kuytun,RU,54.3419,101.5036,-23.15,100,89,2.73,2022-03-13 19:55:19
375,Ilhabela,BR,-23.7781,-45.3581,77.99,89,100,4.29,2022-03-13 19:54:37
376,Escanaba,US,45.7453,-87.0646,33.94,60,100,13.8,2022-03-13 19:55:19
377,Santa Rosa,PH,14.3122,121.1114,81.01,79,73,4.0,2022-03-13 19:55:20
378,Cheremnoye,RU,53.1697,83.2133,9.19,88,100,12.28,2022-03-13 19:55:20
379,Moundou,TD,8.5667,16.0833,88.81,17,3,4.74,2022-03-13 19:55:20
380,Thohoyandou,ZA,-22.9456,30.485,70.79,55,0,2.77,2022-03-13 19:55:21
381,Sorland,NO,67.667,12.6934,37.26,76,40,10.38,2022-03-13 19:55:21
382,Pozo Colorado,PY,-23.4923,-58.7972,91.42,23,2,7.99,2022-03-13 19:55:22
383,Nara,JP,34.6851,135.8049,57.49,88,96,5.37,2022-03-13 19:54:25
384,Codrington,AU,-38.2667,141.9667,60.08,96,100,7.38,2022-03-13 19:55:22
385,Radnevo,BG,42.3,25.9333,37.87,73,97,4.81,2022-03-13 19:55:22
386,Kisanga,TZ,-7.4362,37.7034,75.15,83,99,3.09,2022-03-13 19:55:23
387,Kalangala,UG,-0.3089,32.225,74.55,70,71,12.35,2022-03-13 19:55:23
388,Marsabit,KE,2.3284,37.9899,75.51,36,16,11.25,2022-03-13 19:55:23
389,Abha,SA,18.2164,42.5053,61.05,77,0,0.0,2022-03-13 19:55:24
390,Wilson,US,36.1501,-86.2833,51.35,32,0,19.57,2022-03-13 19:55:24
391,Kinkala,CG,-4.3614,14.7644,70.32,91,88,1.1,2022-03-13 19:55:24
392,Stornoway,GB,58.2093,-6.3865,46.92,83,99,6.91,2022-03-13 19:55:25
393,Funchal,PT,32.6333,-16.9,63.23,72,40,11.5,2022-03-13 19:53:06
394,Marmaris,TR,36.855,28.2742,44.11,40,2,7.78,2022-03-13 19:53:47
395,Obilnoye,RU,44.2457,43.5613,31.39,80,100,4.0,2022-03-13 19:55:25
396,Kabo,CF,7.6994,18.629,87.15,29,95,2.95,2022-03-13 19:55:26
397,Saint-Georges,GD,12.0564,-61.7485,85.68,58,20,18.41,2022-03-13 19:55:26
398,Henties Bay,NA,-22.116,14.2845,65.1,84,89,7.74,2022-03-13 19:51:17
399,Ardakan,IR,32.31,54.0175,70.03,27,99,20.98,2022-03-13 19:55:27
400,Bull Savanna,JM,17.8868,-77.5902,80.6,62,36,4.61,2022-03-13 19:55:27
401,Alanya,TR,36.5438,31.9998,39.81,44,0,7.94,2022-03-13 19:55:27
402,Naryan-Mar,RU,67.6713,53.087,-2.25,100,70,5.32,2022-03-13 19:55:28
403,Blytheville,US,35.9273,-89.919,57.42,46,0,23.02,2022-03-13 19:52:45
404,Esmeralda,CU,21.8525,-78.1169,78.04,73,93,15.73,2022-03-13 19:55:28
405,Nalut,LY,30.3333,10.85,61.72,21,27,8.99,2022-03-13 19:55:29
406,Pajarito,CO,5.2929,-72.7028,76.53,78,99,2.1,2022-03-13 19:55:29
407,Cap Malheureux,MU,-19.9842,57.6142,79.47,85,50,7.0,2022-03-13 19:55:29
408,Bereda,ES,43.2686,-7.5406,43.57,94,78,5.12,2022-03-13 19:55:30
409,Lubango,AO,-14.9172,13.4925,58.14,96,100,4.43,2022-03-13 19:55:30
410,Lokosovo,RU,61.1333,74.8167,-1.77,99,100,4.05,2022-03-13 19:55:30
411,Igarka,RU,67.4667,86.5833,-22.13,99,89,6.11,2022-03-13 19:55:31
412,Beneditinos,BR,-5.45,-42.3667,85.14,72,81,3.67,2022-03-13 19:55:31
413,Sokolo,ML,14.7328,-6.1219,89.01,9,14,5.37,2022-03-13 19:55:31
414,Nioro,GM,13.35,-15.75,82.62,23,36,14.12,2022-03-13 19:56:32
415,Strezhevoy,RU,60.7333,77.5889,-5.48,100,100,2.51,2022-03-13 19:56:32
416,Agadir,MA,30.4202,-9.5982,63.05,80,0,5.21,2022-03-13 19:52:11
417,Fernan-Nunez,ES,37.6884,-4.7247,59.29,60,100,3.31,2022-03-13 19:56:33
418,Havoysund,NO,70.9963,24.6622,37.99,82,28,14.47,2022-03-13 19:56:33
419,Kibuye,RW,-2.0597,29.3482,65.93,78,100,0.89,2022-03-13 19:56:33
420,Matara,LK,5.9485,80.5353,76.91,88,57,3.4,2022-03-13 19:56:34
421,Rudbar,AF,30.15,62.6,79.57,26,13,6.58,2022-03-13 19:56:34
422,Passos,BR,-20.7189,-46.6097,73.45,82,66,1.97,2022-03-13 19:56:34
423,Hurghada,EG,27.2574,33.8129,60.03,44,0,25.77,2022-03-13 19:56:35
424,Tabou,CI,4.423,-7.3528,80.08,85,100,7.85,2022-03-13 19:56:35
425,Itacarambi,BR,-15.1022,-44.0919,85.39,55,100,3.29,2022-03-13 19:56:35
426,Porbandar,IN,21.6422,69.6093,79.77,46,0,8.75,2022-03-13 19:56:36
427,Benicarlo,ES,40.4165,0.4271,54.25,76,99,3.8,2022-03-13 19:56:36
428,Diffa,NE,13.3154,12.6113,80.38,14,100,8.9,2022-03-13 19:56:36
429,Maldonado,UY,-34.6667,-54.9167,70.99,51,2,11.5,2022-03-13 19:56:26
430,Houma,US,29.5958,-90.7195,60.01,56,0,7.0,2022-03-13 19:56:37
431,Kaura Namoda,NG,12.5898,6.5779,82.24,15,61,9.69,2022-03-13 19:56:37
432,Elizabeth City,US,36.2946,-76.2511,45.05,44,0,10.36,2022-03-13 19:52:51
433,Hagere Hiywet,ET,8.9833,37.85,63.9,40,96,7.14,2022-03-13 19:56:38
434,Krutinka,RU,56.0055,71.5113,0.12,97,93,8.12,2022-03-13 19:56:38
435,Jibuti,DJ,11.5,42.5,71.47,73,3,17.94,2022-03-13 19:56:38
436,Sisimiut,GL,66.9395,-53.6735,-0.71,95,100,6.49,2022-03-13 19:56:39
437,Mahibadhoo,MV,3.7833,72.9667,82.8,73,66,6.08,2022-03-13 19:56:39
438,Nyimba,ZM,-14.5566,30.8149,66.6,96,85,3.27,2022-03-13 19:56:39
439,Biedenkopf,DE,50.9167,8.5333,46.67,67,89,2.39,2022-03-13 19:56:40
440,Buraydah,SA,26.326,43.975,64.85,35,55,14.63,2022-03-13 19:56:40
441,Bure,ET,10.7,37.0667,65.44,60,100,6.96,2022-03-13 19:56:41
442,Kalvarija,LT,54.4,23.2333,32.23,77,12,5.53,2022-03-13 19:56:41
443,Saint-Paul,RE,-21.0096,55.2707,78.91,83,98,1.03,2022-03-13 19:56:41
444,Los Llanos De Aridane,ES,28.6585,-17.9182,63.12,85,20,9.22,2022-03-13 19:56:42
445,Lucapa,AO,-8.4192,20.7447,63.77,94,77,1.41,2022-03-13 19:56:42
446,Tucuman,AR,-26.8241,-65.2226,75.2,60,75,6.91,2022-03-13 19:56:42
447,Saint-Pierre,RE,-21.3393,55.4781,78.48,82,0,3.44,2022-03-13 19:56:43
448,Ephrata,US,40.1798,-76.1788,34.7,53,97,8.01,2022-03-13 19:56:43
449,Tortona,IT,44.8978,8.8637,47.48,56,100,3.0,2022-03-13 19:56:43
450,Maracas,BR,-13.4411,-40.4308,79.14,47,83,7.2,2022-03-13 19:56:44
451,Damavand,IR,35.7178,52.065,45.12,45,46,3.29,2022-03-13 19:56:44
452,Olavarria,AR,-36.8927,-60.3225,77.02,47,24,7.34,2022-03-13 19:56:45
453,Locri,IT,38.2414,16.2623,50.32,76,6,3.06,2022-03-13 19:56:45
454,Kafue,ZM,-15.7691,28.1814,65.75,92,99,2.84,2022-03-13 19:56:45
455,At-Bashi,KG,41.1702,75.8106,37.81,93,100,0.65,2022-03-13 19:56:46
456,Praia,CV,14.9215,-23.5087,73.94,60,20,26.46,2022-03-13 19:56:46
457,West Bend,US,43.4253,-88.1834,47.79,52,0,18.41,2022-03-13 19:53:16
458,Baie-Comeau,CA,49.2168,-68.1489,17.28,41,75,17.27,2022-03-13 19:53:38
459,Inzer,RU,54.2167,57.5556,11.73,97,99,0.92,2022-03-13 19:56:47
460,Cookeville,US,36.1628,-85.5016,50.58,31,0,10.36,2022-03-13 19:56:47
461,Paulo Ramos,BR,-4.2167,-45.1833,81.07,90,38,2.01,2022-03-13 19:56:47
462,Bosaso,SO,11.2842,49.1816,77.74,77,70,2.21,2022-03-13 19:57:48
463,Aboisso,CI,5.4678,-3.2071,73.18,94,100,2.26,2022-03-13 19:57:48
464,Saint-Joseph,RE,-21.3667,55.6167,77.38,86,54,13.91,2022-03-13 19:57:48
465,Muborak,UZ,39.2553,65.1528,55.53,45,100,5.82,2022-03-13 19:57:49
466,Puerto Colombia,CO,10.9878,-74.9547,86.09,72,82,17.81,2022-03-13 19:57:49
467,Knysna,ZA,-34.0363,23.0471,61.99,91,100,12.39,2022-03-13 19:57:50
468,Kongolo,CD,-5.3833,27.0,71.01,90,100,1.77,2022-03-13 19:57:50
469,Eidfjord,NO,60.4675,7.0719,31.33,86,99,8.66,2022-03-13 19:57:50
470,Itupiranga,BR,-5.1347,-49.3267,91.72,87,57,1.48,2022-03-13 19:57:51
471,Kiboga,UG,0.9161,31.7742,69.91,53,84,1.99,2022-03-13 19:57:51
472,Kathu,TH,7.9178,98.3332,76.82,79,100,3.13,2022-03-13 19:57:51
473,Dhidhdhoo,MV,6.8833,73.1,82.11,72,85,2.8,2022-03-13 19:56:16
474,Riviere-Au-Renard,CA,48.9957,-64.3971,21.49,77,60,29.35,2022-03-13 19:57:52
475,Muisne,EC,0.6,-80.0333,81.86,73,41,7.76,2022-03-13 19:57:52
476,Tarko-Sale,RU,64.9225,77.785,-5.28,99,45,7.29,2022-03-13 19:57:52
477,Timizart,DZ,36.8,4.2667,56.21,73,100,7.83,2022-03-13 19:57:53
478,Rio Gallegos,AR,-51.6226,-69.2181,57.25,21,20,43.73,2022-03-13 19:57:53
479,Srednyaya Yelyuzan,RU,53.0241,45.9529,16.81,96,97,8.97,2022-03-13 19:57:54
480,Severnoye,RU,56.3491,78.3619,-6.9,100,20,6.53,2022-03-13 19:57:54
481,Bulungu,CD,-4.55,18.6,71.38,92,96,1.5,2022-03-13 19:57:54
482,Tete,MZ,-16.1564,33.5867,75.29,100,75,3.44,2022-03-13 19:57:55
483,Koslan,RU,63.4564,48.8989,21.27,93,100,9.06,2022-03-13 19:57:55
484,Kalmunai,LK,7.4167,81.8167,78.48,77,100,7.2,2022-03-13 19:57:55
485,Tervel,BG,43.75,27.4,33.24,81,85,1.83,2022-03-13 19:57:56
486,Talara,PE,-4.5772,-81.2719,86.76,54,0,13.8,2022-03-13 19:57:56
487,Igrim,RU,63.1906,64.4162,1.2,98,83,5.32,2022-03-13 19:57:56
488,Muhos,FI,64.808,25.9931,20.98,95,17,4.47,2022-03-13 19:57:57
489,Farafangana,MG,-22.8167,47.8333,75.33,86,70,6.26,2022-03-13 19:57:57
490,Plonsk,PL,52.6235,20.3755,36.86,77,1,8.23,2022-03-13 19:57:57
491,Angoche,MZ,-16.2325,39.9086,78.93,86,100,7.52,2022-03-13 19:57:58
492,Harboore,DK,56.6175,8.1807,39.18,62,100,18.01,2022-03-13 19:57:58
493,Rassvet,RU,46.8333,40.75,23.23,78,99,2.24,2022-03-13 19:57:58
494,Saint-Francois,FR,46.4154,3.9054,42.67,88,100,4.61,2022-03-13 19:57:59
495,Conakry,GN,9.538,-13.6773,80.67,69,75,9.22,2022-03-13 19:56:50
496,Auchi,NG,7.0667,6.2667,79.56,70,57,3.22,2022-03-13 19:57:59
497,Bria,CF,6.5423,21.9863,79.41,42,51,4.41,2022-03-13 19:58:00
498,Summerville,US,33.0185,-80.1757,55.98,23,0,9.22,2022-03-13 19:58:00
499,Kenitra,MA,34.261,-6.5802,59.76,86,100,2.89,2022-03-13 19:58:00
500,Maceio,BR,-9.6658,-35.7353,83.64,74,75,13.8,2022-03-13 19:56:56
501,Diplo,PK,24.4667,69.584,79.16,31,2,10.89,2022-03-13 19:58:01
502,Corinto,GR,37.9407,22.9573,42.62,63,9,3.74,2022-03-13 19:58:01
503,Nantucket,US,41.2835,-70.0995,35.15,54,16,28.39,2022-03-13 19:58:02
504,Jablah,SY,35.3614,35.9256,41.29,93,75,6.91,2022-03-13 19:58:02
505,Sudzha,RU,51.1976,35.2726,12.2,97,11,2.66,2022-03-13 19:58:02
506,Jardim,BR,-21.4803,-56.1381,76.66,82,100,0.65,2022-03-13 19:55:37
507,Tabora,TZ,-5.0167,32.8,63.77,95,73,4.5,2022-03-13 19:58:03
508,Aranos,NA,-24.1333,19.1167,70.11,72,100,13.6,2022-03-13 19:58:03
509,Vardo,NO,70.3705,31.1107,33.78,86,40,5.75,2022-03-13 19:58:03
510,Bhitarwar,IN,25.8,78.1167,75.54,24,0,2.37,2022-03-13 19:58:04
511,Bequimao,BR,-2.4489,-44.7825,81.63,80,40,5.21,2022-03-13 19:59:04
512,Asifabad,IN,19.3667,79.2833,78.75,18,20,3.18,2022-03-13 19:59:04
513,Urengoy,RU,65.9667,78.3667,-9.62,100,99,6.13,2022-03-13 19:59:05
514,San Vicente De Canete,PE,-13.0751,-76.3835,76.46,70,75,7.78,2022-03-13 19:59:05
515,Oneonta,US,42.4529,-75.0638,32.11,52,100,13.09,2022-03-13 19:59:05
516,Coruripe,BR,-10.1256,-36.1756,82.17,72,66,11.41,2022-03-13 19:59:06
517,Kamenka,RU,51.3223,42.7678,3.83,100,88,7.23,2022-03-13 19:59:06
518,Straumen,NO,63.8709,11.2999,44.6,84,100,2.1,2022-03-13 19:59:07
519,Bloomington,US,44.8408,-93.2983,44.92,62,71,4.0,2022-03-13 19:57:37
520,Carmarthen,GB,51.8555,-4.3054,46.94,91,9,5.77,2022-03-13 19:59:07
521,Xapuri,BR,-10.6517,-68.5044,71.62,100,100,2.19,2022-03-13 19:59:08
522,Huarmey,PE,-10.0681,-78.1522,77.27,71,92,9.6,2022-03-13 19:59:08
523,Champua,IN,22.0833,85.6667,70.45,22,40,2.39,2022-03-13 19:59:08
524,Jacqueville,CI,5.2052,-4.4146,81.09,84,81,9.6,2022-03-13 19:59:09
525,Paita,PE,-5.0892,-81.1144,81.12,66,29,14.0,2022-03-13 19:59:09
526,Peniche,PT,39.3558,-9.3811,55.11,79,46,12.12,2022-03-13 19:59:09
527,Portlethen,GB,57.0547,-2.1307,45.77,95,75,18.41,2022-03-13 19:59:10
528,Marathon,US,44.9,-89.7668,42.04,64,40,17.27,2022-03-13 19:59:10
529,Charyshskoye,RU,51.3978,83.5598,22.15,97,100,3.47,2022-03-13 19:59:10
530,Kabompo,ZM,-13.5927,24.2008,64.49,95,100,3.27,2022-03-13 19:59:11
531,Kobryn,BY,52.2138,24.3564,31.26,79,4,5.95,2022-03-13 19:59:11
532,Guhagar,IN,17.4842,73.1929,80.31,39,7,4.65,2022-03-13 19:59:12
533,Uray,RU,60.1247,64.7758,0.66,98,100,5.41,2022-03-13 19:59:12
534,Djambala,CG,-2.5447,14.7533,70.59,76,89,2.48,2022-03-13 19:59:12
535,Kinwat,IN,19.6333,78.2,79.65,17,1,0.63,2022-03-13 19:59:13
536,Mekhe,SN,15.1097,-16.6218,72.07,40,2,14.41,2022-03-13 19:59:13
537,Beyneu,KZ,45.3167,55.2,29.66,80,15,8.3,2022-03-13 19:59:13
538,Funes,AR,-32.9157,-60.81,83.07,42,0,3.44,2022-03-13 19:59:14
539,Butterworth,MY,5.3991,100.3638,80.64,94,20,6.91,2022-03-13 19:59:14
540,Trinidad,BO,-14.8333,-64.9,82.38,69,75,6.91,2022-03-13 19:57:11
541,Bondo,CD,3.8146,23.6866,68.41,96,100,2.39,2022-03-13 19:59:15
542,Coquimbo,CL,-29.9533,-71.3436,65.93,72,40,11.5,2022-03-13 19:57:31
543,Mungwi,ZM,-10.1732,31.3694,61.18,90,100,3.8,2022-03-13 19:59:15
544,Fulton,US,33.7668,-84.4499,57.13,25,0,1.99,2022-03-13 19:59:16
545,Mezen,RU,65.8522,44.24,15.58,98,94,5.88,2022-03-13 19:59:16
546,Surt,LY,31.2089,16.5887,58.35,71,10,19.53,2022-03-13 19:59:16
547,Ginir,ET,7.1333,40.7,63.18,46,39,5.14,2022-03-13 19:59:17
548,Thinadhoo,MV,0.5333,72.9333,83.26,68,100,4.38,2022-03-13 19:59:17
549,Domoni,KM,-12.2569,44.5319,79.74,84,95,6.35,2022-03-13 19:59:18
550,Strandby,DK,57.4915,10.4961,40.51,67,52,18.88,2022-03-13 19:59:18
551,Odweyne,SO,9.4092,45.064,71.51,47,21,6.71,2022-03-13 19:59:18
552,Swiecie,PL,53.4095,18.4474,40.8,62,0,3.0,2022-03-13 19:59:19
553,Ust-Kan,RU,50.9276,84.761,20.68,91,57,6.49,2022-03-13 19:59:19
554,Ampanihy,MG,-24.7,44.75,78.55,59,99,7.76,2022-03-13 19:59:19
555,Umm Lajj,SA,25.0213,37.2685,67.68,58,56,12.88,2022-03-13 19:59:20
556,Shiringushi,RU,53.8485,42.7676,25.23,96,100,11.03,2022-03-13 19:59:20
557,Gbadolite,CD,4.2833,21.0167,76.66,67,93,5.46,2022-03-13 19:59:21
558,Morecambe,GB,54.0684,-2.8611,47.21,93,100,3.0,2022-03-13 20:00:21
559,Lac-Megantic,CA,45.5834,-70.8823,16.52,83,99,15.37,2022-03-13 20:00:22
560,Menongue,AO,-14.6585,17.691,64.83,95,100,5.14,2022-03-13 20:00:23
561,Gazli,UZ,40.1333,63.45,54.77,47,100,8.77,2022-03-13 20:00:24
562,Teramo,IT,42.65,13.6833,44.11,69,2,3.42,2022-03-13 19:55:58
563,Isiro,CD,2.7739,27.616,66.96,96,100,1.99,2022-03-13 20:00:24
564,Mahabaleshwar,IN,17.9167,73.6667,66.58,24,1,5.26,2022-03-13 20:00:26
565,Tighina,MD,46.8306,29.4711,34.57,81,45,5.48,2022-03-13 20:00:27
566,Segezha,RU,63.7415,34.3222,11.82,100,77,0.76,2022-03-13 20:00:27
567,Karata,RU,42.5949,46.3393,15.13,91,98,2.19,2022-03-13 20:00:28
568,Suda,RU,59.1525,37.5582,28.51,98,100,5.55,2022-03-13 20:00:28
569,Mitu,CO,1.1983,-70.1733,74.39,97,99,2.64,2022-03-13 20:00:29
570,Priyutnoye,RU,46.1011,43.5072,25.72,64,28,5.61,2022-03-13 20:00:30
571,Synya,RU,65.3718,58.0387,12.25,98,98,1.5,2022-03-13 20:00:30
572,Barsovo,RU,61.1667,73.1667,3.33,100,94,4.07,2022-03-13 20:00:31
573,Uruacu,BR,-14.5247,-49.1408,82.04,78,69,1.16,2022-03-13 20:00:32
574,Usogorsk,RU,63.4106,48.6872,21.65,93,100,8.84,2022-03-13 20:00:33
575,Aquiraz,BR,-3.9014,-38.3911,82.18,78,98,5.57,2022-03-13 20:00:33
576,Mangan,IN,27.5167,88.5333,65.08,38,5,7.49,2022-03-13 20:00:34
577,Abu Dhabi,AE,24.4667,54.3667,77.11,74,0,3.44,2022-03-13 19:58:00
578,Pombas,CV,17.1503,-25.0201,66.97,76,6,16.28,2022-03-13 20:00:34
579,Belmonte,BR,-15.8631,-38.8828,81.9,74,54,9.62,2022-03-13 20:00:35
580,Chipinge,ZW,-20.1883,32.6236,63.27,85,0,3.6,2022-03-13 20:00:35
581,Cubuk,TR,40.2386,33.0322,25.77,63,20,6.91,2022-03-13 20:00:36
582,Kjollefjord,NO,70.9457,27.3465,33.96,83,99,11.14,2022-03-13 20:00:37
583,Gao,ML,16.6362,1.637,83.37,14,0,10.36,2022-03-13 20:00:37
584,Inhambane,MZ,-23.865,35.3833,77.18,85,0,7.14,2022-03-13 20:00:38
585,Omboue,GA,-1.5746,9.2618,79.93,83,100,6.35,2022-03-13 20:00:38
586,Chabahar,IR,25.2919,60.643,77.07,67,0,3.69,2022-03-13 20:00:39
587,Atasu,KZ,48.6814,71.6433,25.52,95,100,11.86,2022-03-13 20:00:39
588,Sao Domingos,BR,-13.3983,-46.3183,79.7,67,100,3.56,2022-03-13 20:00:40
589,Uravakonda,IN,14.95,77.2667,78.71,38,0,5.39,2022-03-13 20:00:40
590,Stephanskirchen,DE,47.8595,12.1528,39.43,54,0,4.72,2022-03-13 20:00:41
591,Saquarema,BR,-22.92,-42.5103,79.84,84,98,10.02,2022-03-13 20:00:41
592,Vallenar,CL,-28.5708,-70.7581,83.07,28,0,9.26,2022-03-13 20:00:30
593,San Ramon,US,37.7799,-121.978,65.64,57,36,5.99,2022-03-13 20:00:42
594,Hare Bay,CA,48.8499,-54.0148,31.19,60,58,23.98,2022-03-13 20:00:42
595,San Carlos Del Zulia,VE,9.0,-71.9135,82.9,67,90,6.46,2022-03-13 20:00:43
596,Olinda,BR,-8.0089,-34.8553,82.26,71,99,10.04,2022-03-13 20:00:43
597,Chandrakona,IN,22.7333,87.5167,71.73,25,87,4.59,2022-03-13 20:00:44
598,Szombathely,HU,47.2309,16.6216,35.06,45,0,8.81,2022-03-13 20:00:44
599,Rafaela,AR,-31.2503,-61.4867,78.98,32,15,4.0,2022-03-13 19:58:14
600,Troitsko-Pechorsk,RU,62.7084,56.1964,15.22,97,99,5.08,2022-03-13 20:00:45
601,Wagar,SD,16.1525,36.2032,77.11,49,31,14.76,2022-03-13 20:00:45
602,Polovinnoye,RU,54.7914,65.9864,11.48,95,100,8.1,2022-03-13 20:00:46
603,Waw,SS,7.7029,27.9953,86.16,18,100,3.91,2022-03-13 20:00:46
604,Easton,US,40.6884,-75.2207,31.68,48,100,8.01,2022-03-13 19:55:52
605,Cordoba,AR,-31.4135,-64.1811,80.64,37,9,7.56,2022-03-13 20:00:47
606,Gorgan,IR,36.8387,54.4348,50.72,71,13,4.59,2022-03-13 20:01:47
607,Rorvik,NO,64.8621,11.2373,44.71,49,0,6.91,2022-03-13 20:01:48
608,Brigantine,US,39.4101,-74.3646,39.2,39,0,12.66,2022-03-13 20:01:48
609,Camocim,BR,-2.9022,-40.8411,80.47,81,100,8.12,2022-03-13 20:01:49
610,Muscat,OM,23.6139,58.5922,81.68,50,0,4.61,2022-03-13 20:00:15
611,Arenapolis,BR,-14.4503,-56.8461,82.26,79,92,4.29,2022-03-13 20:01:49
612,Edgewater,US,28.9889,-80.9023,68.29,56,78,10.36,2022-03-13 20:01:49
613,Lesnyye Polyany,RU,55.9667,37.8667,36.01,98,100,9.35,2022-03-13 20:01:50
614,Grand-Santi,GF,4.25,-54.3833,79.79,94,100,3.49,2022-03-13 20:01:50
615,Puerto Maldonado,PE,-12.6,-69.1833,69.37,97,100,2.21,2022-03-13 20:01:51
616,Stepnyak,KZ,52.8339,70.7803,8.62,96,100,9.78,2022-03-13 20:01:51
617,Satipo,PE,-11.2522,-74.6386,71.46,96,100,1.36,2022-03-13 20:01:51
618,Novominskaya,RU,46.3163,38.9586,26.67,64,85,5.79,2022-03-13 20:01:52
619,Montague,US,42.5356,-72.5351,37.71,42,100,4.0,2022-03-13 20:01:52
620,Rawson,AR,-43.3002,-65.1023,74.07,31,16,15.88,2022-03-13 20:01:53
621,Salinopolis,BR,-0.6136,-47.3561,78.53,88,100,8.5,2022-03-13 20:01:53
622,Gopalur,IN,16.6167,77.8,80.92,32,29,2.91,2022-03-13 20:01:53
623,Nicolas Bravo,MX,18.45,-88.9167,81.19,55,96,4.76,2022-03-13 20:01:54
624,Hearst,CA,49.6835,-83.6665,22.41,79,100,5.88,2022-03-13 20:01:54
625,Mitsamiouli,KM,-11.3847,43.2844,81.28,75,97,3.58,2022-03-13 20:01:54
626,Bourbonnais,US,41.1417,-87.875,52.29,67,0,18.41,2022-03-13 20:01:21
627,Tukan,RU,53.8409,57.4552,8.01,98,100,1.03,2022-03-13 20:01:55
628,Anloga,GH,5.7947,0.8973,82.78,79,16,10.38,2022-03-13 20:01:55
629,Marienburg,PL,54.0359,19.0266,40.87,76,0,7.96,2022-03-13 20:00:50
630,Ushtobe,KZ,45.2514,77.9838,44.31,76,100,6.67,2022-03-13 20:01:56
631,Beawar,IN,26.1,74.3167,76.35,23,0,4.97,2022-03-13 20:01:56
632,Brae,GB,60.3964,-1.353,45.95,87,100,26.84,2022-03-13 20:01:57
633,Viedma,AR,-40.8135,-62.9967,82.38,25,23,18.9,2022-03-13 20:01:57
634,Aksarayskiy,RU,46.7924,48.0119,24.12,80,33,7.49,2022-03-13 20:01:57
635,Zurrieq,MT,35.8311,14.4742,53.11,87,75,12.66,2022-03-13 20:01:58
636,Springdale,US,36.1867,-94.1288,62.73,23,0,17.0,2022-03-13 20:01:58
637,Kiruna,SE,67.8557,20.2251,20.32,79,32,6.91,2022-03-13 20:01:58
638,Dalvik,IS,65.9702,-18.5286,27.93,66,8,10.71,2022-03-13 20:01:59
639,Kalaleh,IR,37.3807,55.4916,49.17,76,2,3.31,2022-03-13 20:01:59
640,Halkirk,CA,52.2834,-112.1518,30.78,97,100,4.0,2022-03-13 20:01:59
641,Kalavai,IN,12.7703,79.42,72.37,70,70,2.44,2022-03-13 20:02:00
642,Severomorsk,RU,69.0689,33.4162,27.0,88,99,7.74,2022-03-13 20:02:00
643,Bardiyah,LY,31.7561,25.0865,49.57,56,16,10.51,2022-03-13 20:02:00
644,Jensen Beach,US,27.2545,-80.2298,71.62,60,75,14.0,2022-03-13 20:02:01
645,Manadhoo,MV,5.7667,73.3833,82.65,71,76,2.75,2022-03-13 20:02:01
646,Oxelosund,SE,58.6706,17.1015,34.18,93,0,5.75,2022-03-13 20:02:02
647,Copiapo,CL,-27.3667,-70.3333,82.45,31,0,10.67,2022-03-13 20:00:31
648,Cacoal,BR,-11.4386,-61.4472,81.66,84,99,2.91,2022-03-13 20:00:09
649,Muzaffarabad,PK,34.37,73.4711,64.72,56,76,6.02,2022-03-13 20:02:02
650,Pangody,RU,65.85,74.4859,-1.39,99,93,5.97,2022-03-13 20:02:03
651,Bonthe,SL,7.5264,-12.505,79.36,86,100,11.83,2022-03-13 20:02:03
652,Sao Jose Do Egito,BR,-7.4789,-37.2744,86.14,42,100,1.9,2022-03-13 20:02:03
653,Marovoay,MG,-16.1,46.6333,77.22,78,99,1.43,2022-03-13 20:02:04
654,Banda Aceh,ID,5.5577,95.3222,78.93,84,15,3.96,2022-03-13 20:03:04
655,Joshimath,IN,30.5667,79.5667,50.88,31,0,11.25,2022-03-13 20:03:04
656,Maragheh,IR,37.3917,46.2398,33.94,64,100,3.11,2022-03-13 20:03:05
657,Dutse,NG,11.7594,9.3392,78.69,17,14,8.61,2022-03-13 20:03:05
658,Puerto Baquerizo Moreno,EC,-0.9,-89.6,79.79,72,16,1.61,2022-03-13 20:02:52
659,Itigi,TZ,-5.7,34.4833,61.5,95,100,4.79,2022-03-13 20:03:06
660,Windhoek,NA,-22.5594,17.0832,67.1,77,100,6.38,2022-03-13 20:02:31
661,Sompeta,IN,18.9333,84.6,77.27,46,100,4.0,2022-03-13 20:03:06
662,Surab,PK,28.4914,66.2585,67.01,32,94,4.21,2022-03-13 20:03:07
663,Nautanwa,IN,27.4333,83.4167,67.78,37,0,1.16,2022-03-13 20:03:07
664,Znamenskoye,RU,57.1281,73.8282,-4.09,99,19,4.21,2022-03-13 20:03:07
665,Rehnan,IR,32.6846,51.6013,44.11,63,0,5.59,2022-03-13 20:03:08
666,Akdepe,TM,42.0551,59.3788,46.33,39,100,7.81,2022-03-13 20:03:08
667,Santa Cruz Cabralia,BR,-16.2781,-39.0247,80.76,76,91,8.39,2022-03-13 20:03:08
668,Akdagmadeni,TR,39.6603,35.8836,12.4,95,96,3.22,2022-03-13 20:03:09
669,Tshela,CD,-4.9833,12.9333,72.57,97,100,1.19,2022-03-13 20:03:09
670,Glens Falls,US,43.3095,-73.644,33.98,44,100,5.99,2022-03-13 20:00:06
671,Suffolk,US,40.8668,-72.7996,36.41,50,0,16.11,2022-03-13 20:03:10
672,Qasigiannguit,GL,68.8193,-51.1922,3.45,91,100,6.78,2022-03-13 20:03:10
673,Syracuse,IT,37.0881,15.2792,49.37,74,84,3.06,2022-03-13 20:03:10
674,Seoni,IN,22.0833,79.5333,72.21,15,0,3.83,2022-03-13 20:03:11
675,Yakhroma,RU,56.3,37.4833,34.45,98,100,10.67,2022-03-13 20:03:11
676,Aleksandriya,RU,45.0947,43.2456,25.99,76,77,4.45,2022-03-13 20:03:11
677,Isiolo,KE,0.3546,37.5822,72.73,46,72,5.48,2022-03-13 20:03:12
678,Cabo Rojo,PR,18.0866,-67.1457,84.97,71,72,5.01,2022-03-13 20:03:12
679,Liuli,TZ,-11.0833,34.6333,76.53,78,100,5.17,2022-03-13 20:03:12
680,Asyut,EG,27.181,31.1837,55.81,45,0,19.3,2022-03-13 20:03:13
681,Abu Samrah,SY,35.3029,37.1841,36.34,92,76,7.27,2022-03-13 20:03:13
682,Blagoyevo,RU,63.3667,47.9167,21.78,92,100,8.81,2022-03-13 20:03:14
683,Jacareacanga,BR,-6.2222,-57.7528,90.09,55,87,1.77,2022-03-13 20:03:14
684,Mosquera,CO,4.7059,-74.2302,60.67,80,100,6.08,2022-03-13 20:02:30
685,Kita,ML,13.0349,-9.4895,90.99,11,100,5.82,2022-03-13 20:02:11
686,Bengkulu,ID,-3.8004,102.2655,76.98,91,100,5.17,2022-03-13 20:03:14
687,Bonfim,BR,3.0833,-59.95,91.9,43,100,3.31,2022-03-13 20:03:15
688,Puri,IN,19.8,85.85,75.72,73,100,4.23,2022-03-13 20:03:15
689,Balsas,BR,-7.5325,-46.0356,83.64,73,87,3.51,2022-03-13 20:00:10
690,Mogilno,PL,52.6581,17.9558,41.2,54,0,1.99,2022-03-13 20:03:16
691,Gbarnga,LR,6.9956,-9.4722,76.08,85,23,3.44,2022-03-13 20:03:16
692,Cobija,BO,-11.0267,-68.7692,73.98,93,99,0.92,2022-03-13 20:03:16
693,Sabla,NG,12.7525,4.7077,84.02,15,100,10.22,2022-03-13 20:03:17
694,Urumqi,CN,43.801,87.6005,43.75,87,75,11.18,2022-03-13 20:03:17
695,Kushnarenkovo,RU,55.105,55.3508,5.72,98,100,4.32,2022-03-13 20:03:18
696,Campina Verde,BR,-19.5356,-49.4864,78.19,68,64,1.92,2022-03-13 20:03:18
697,Bjornevatn,NO,69.6672,29.9847,30.54,93,0,10.36,2022-03-13 20:03:18
698,Konotop,UA,51.2403,33.2026,25.39,85,91,1.3,2022-03-13 20:03:19
699,Sechura,PE,-5.5569,-80.8222,84.63,57,28,17.2,2022-03-13 20:03:19
700,Aligudarz,IR,33.4006,49.6949,44.08,85,23,7.16,2022-03-13 20:03:20
701,Matagami,CA,49.7502,-77.6328,15.91,57,100,9.22,2022-03-13 20:03:20
702,Sucua,EC,-2.4667,-78.1667,72.34,88,75,2.3,2022-03-13 20:04:20
703,Mayumba,GA,-3.432,10.6554,77.94,86,91,2.95,2022-03-13 20:04:21
704,Chiscani,RO,45.1833,27.9333,33.44,71,91,5.03,2022-03-13 20:04:21
705,Digby,CA,44.6169,-65.7655,30.58,52,100,27.25,2022-03-13 20:04:21
706,Praia Da Vitoria,PT,38.7333,-27.0667,55.76,65,88,14.65,2022-03-13 20:04:22
